dataset,image_path,expected_shape,shape_predicted,is_shape_predicted
GeoS,C:\Users\ashut\Downloads\GeoS\aaai\000.png,circle,circle,Yes
GeoS,C:\Users\ashut\Downloads\GeoS\aaai\005.png,triangle,triangle,Yes
GeoS,C:\Users\ashut\Downloads\GeoS\aaai\008.png,circle,circle,Yes
GeoS,C:\Users\ashut\Downloads\GeoS\aaai\012.png,circle,circle,Yes
GeoS,C:\Users\ashut\Downloads\GeoS\aaai\013.png,circle,circle,Yes
GeoS,C:\Users\ashut\Downloads\GeoS\aaai\014.png,triangle,triangle,Yes
GeoS,C:\Users\ashut\Downloads\GeoS\aaai\016.png,circle,triangle,No
GeoS,C:\Users\ashut\Downloads\GeoS\aaai\017.png,circle,circle,Yes
GeoS,C:\Users\ashut\Downloads\GeoS\aaai\018.png,circle,circle,Yes
GeoS,C:\Users\ashut\Downloads\GeoS\aaai\019.png,circle,circle,Yes
GeoS,C:\Users\ashut\Downloads\GeoS\aaai\021.png,circle,circle,Yes
GeoS,C:\Users\ashut\Downloads\GeoS\aaai\022.png,circle,circle,Yes
GeoS,C:\Users\ashut\Downloads\GeoS\aaai\023.png,circle,circle,Yes
GeoS,C:\Users\ashut\Downloads\GeoS\aaai\024.png,circle,circle,Yes
GeoS,C:\Users\ashut\Downloads\GeoS\aaai\025.png,circle,circle,Yes
GeoS,C:\Users\ashut\Downloads\GeoS\aaai\026.png,circle,circle,Yes
GeoS,C:\Users\ashut\Downloads\GeoS\aaai\027.png,circle,circle,Yes
GeoS,C:\Users\ashut\Downloads\GeoS\aaai\029.png,circle,circle,Yes
GeoS,C:\Users\ashut\Downloads\GeoS\aaai\035.png,square,circle,No
GeoS,C:\Users\ashut\Downloads\GeoS\aaai\038.png,rectangle,rectangle,Yes
GeoS,C:\Users\ashut\Downloads\GeoS\aaai\044.png,triangle,circle,No
GeoS,C:\Users\ashut\Downloads\GeoS\aaai\047.png,circle,circle,Yes
GeoS,C:\Users\ashut\Downloads\GeoS\aaai\048.png,triangle,triangle,Yes
GeoS,C:\Users\ashut\Downloads\GeoS\aaai\049.png,circle,circle,Yes
GeoS,C:\Users\ashut\Downloads\GeoS\aaai\050.png,triangle,parallelogram,No
GeoS,C:\Users\ashut\Downloads\GeoS\aaai\051.png,circle,rectangle,No
GeoS,C:\Users\ashut\Downloads\GeoS\aaai\054.png,triangle,triangle,Yes
GeoS,C:\Users\ashut\Downloads\GeoS\aaai\055.png,circle,rectangle,No
GeoS,C:\Users\ashut\Downloads\GeoS\aaai\058.png,circle,circle,Yes
GeoS,C:\Users\ashut\Downloads\GeoS\aaai\059.png,square,rectangle,No
GeoS,C:\Users\ashut\Downloads\GeoS\aaai\061.png,circle,square,No
GeoS,C:\Users\ashut\Downloads\GeoS\practice\001.png,triangle,triangle,Yes
GeoS,C:\Users\ashut\Downloads\GeoS\practice\002.png,rectangle,rectangle,Yes
GeoS,C:\Users\ashut\Downloads\GeoS\practice\003.png,triangle,rectangle,No
GeoS,C:\Users\ashut\Downloads\GeoS\practice\005.png,rectangle,rectangle,Yes
GeoS,C:\Users\ashut\Downloads\GeoS\practice\006.png,circle,circle,Yes
GeoS,C:\Users\ashut\Downloads\GeoS\practice\008.png,square,rectangle,No
GeoS,C:\Users\ashut\Downloads\GeoS\practice\009.png,triangle,triangle,Yes
GeoS,C:\Users\ashut\Downloads\GeoS\practice\010.png,rectangle,rectangle,Yes
GeoS,C:\Users\ashut\Downloads\GeoS\practice\014.png,trapezium,trapezium,Yes
GeoS,C:\Users\ashut\Downloads\GeoS\practice\015.png,rectangle,rectangle,Yes
GeoS,C:\Users\ashut\Downloads\GeoS\practice\019.png,triangle,triangle,Yes
GeoS,C:\Users\ashut\Downloads\GeoS\practice\024.png,rectangle,rectangle,Yes
GeoS,C:\Users\ashut\Downloads\GeoS\practice\028.png,triangle,triangle,Yes
GeoS,C:\Users\ashut\Downloads\GeoS\practice\032.png,circle,circle,Yes
GeoS,C:\Users\ashut\Downloads\GeoS\practice\038.png,triangle,triangle,Yes
GeoS,C:\Users\ashut\Downloads\GeoS\practice\043.png,circle,circle,Yes
GeoS,C:\Users\ashut\Downloads\GeoS\practice\044.png,square,square,Yes
GeoS,C:\Users\ashut\Downloads\GeoS\practice\047.png,circle,circle,Yes
GeoS,C:\Users\ashut\Downloads\GeoS\practice\059.png,triangle,triangle,Yes
GeoS,C:\Users\ashut\Downloads\GeoS\practice\061.png,triangle,triangle,Yes
GeoQA,C:\Users\ashut\Downloads\GeoQA\GeoQA3\image\1028.png,triangle,triangle,Yes
GeoQA,C:\Users\ashut\Downloads\GeoQA\GeoQA3\image\1056.png,rectangle,rectangle,Yes
GeoQA,C:\Users\ashut\Downloads\GeoQA\GeoQA3\image\1059.png,triangle,triangle,Yes
GeoQA,C:\Users\ashut\Downloads\GeoQA\GeoQA3\image\1069.png,rectangle,circle,No
GeoQA,C:\Users\ashut\Downloads\GeoQA\GeoQA3\image\1089.png,circle,circle,Yes
GeoQA,C:\Users\ashut\Downloads\GeoQA\GeoQA3\image\1099.png,circle,circle,Yes
GeoQA,C:\Users\ashut\Downloads\GeoQA\GeoQA3\image\1136.png,circle,circle,Yes
GeoQA,C:\Users\ashut\Downloads\GeoQA\GeoQA3\image\1170.png,circle,circle,Yes
GeoQA,C:\Users\ashut\Downloads\GeoQA\GeoQA3\image\1213.png,square,circle,No
GeoQA,C:\Users\ashut\Downloads\GeoQA\GeoQA3\image\1230.png,circle,triangle,No
GeoQA,C:\Users\ashut\Downloads\GeoQA\GeoQA3\image\1312.png,circle,circle,Yes
GeoQA,C:\Users\ashut\Downloads\GeoQA\GeoQA3\image\1354.png,rectangle,rectangle,Yes
GeoQA,C:\Users\ashut\Downloads\GeoQA\GeoQA3\image\1380.png,circle,circle,Yes
GeoQA,C:\Users\ashut\Downloads\GeoQA\GeoQA3\image\1428.png,rectangle,rectangle,Yes
GeoQA,C:\Users\ashut\Downloads\GeoQA\GeoQA3\image\1463.png,circle,circle,Yes
GeoQA,C:\Users\ashut\Downloads\GeoQA\GeoQA3\image\1468.png,circle,circle,Yes
GeoQA,C:\Users\ashut\Downloads\GeoQA\GeoQA3\image\1478.png,circle,circle,Yes
GeoQA,C:\Users\ashut\Downloads\GeoQA\GeoQA3\image\1504.png,rectangle,circle,No
GeoQA,C:\Users\ashut\Downloads\GeoQA\GeoQA3\image\1525.png,square,square,Yes
GeoQA,C:\Users\ashut\Downloads\GeoQA\GeoQA3\image\1549.png,circle,circle,Yes
GeoQA,C:\Users\ashut\Downloads\GeoQA\GeoQA3\image\158.png,circle,circle,Yes
GeoQA,C:\Users\ashut\Downloads\GeoQA\GeoQA3\image\1612.png,triangle,circle,No
GeoQA,C:\Users\ashut\Downloads\GeoQA\GeoQA3\image\1613.png,circle,circle,Yes
GeoQA,C:\Users\ashut\Downloads\GeoQA\GeoQA3\image\1627.png,rectangle,rectangle,Yes
GeoQA,C:\Users\ashut\Downloads\GeoQA\GeoQA3\image\1651.png,rectangle,circle,No
GeoQA,C:\Users\ashut\Downloads\GeoQA\GeoQA3\image\1656.png,circle,circle,Yes
GeoQA,C:\Users\ashut\Downloads\GeoQA\GeoQA3\image\1657.png,circle,circle,Yes
GeoQA,C:\Users\ashut\Downloads\GeoQA\GeoQA3\image\1660.png,circle,circle,Yes
GeoQA,C:\Users\ashut\Downloads\GeoQA\GeoQA3\image\1708.png,circle,circle,Yes
GeoQA,C:\Users\ashut\Downloads\GeoQA\GeoQA3\image\1713.png,circle,circle,Yes
GeoQA,C:\Users\ashut\Downloads\GeoQA\GeoQA3\image\1714.png,circle,circle,Yes
GeoQA,C:\Users\ashut\Downloads\GeoQA\GeoQA3\image\1721.png,circle,circle,Yes
GeoQA,C:\Users\ashut\Downloads\GeoQA\GeoQA3\image\1723.png,circle,circle,Yes
GeoQA,C:\Users\ashut\Downloads\GeoQA\GeoQA3\image\1731.png,circle,circle,Yes
GeoQA,C:\Users\ashut\Downloads\GeoQA\GeoQA3\image\1734.png,circle,circle,Yes
GeoQA,C:\Users\ashut\Downloads\GeoQA\GeoQA3\image\1747.png,circle,circle,Yes
GeoQA,C:\Users\ashut\Downloads\GeoQA\GeoQA3\image\1749.png,circle,circle,Yes
GeoQA,C:\Users\ashut\Downloads\GeoQA\GeoQA3\image\1755.png,circle,circle,Yes
GeoQA,C:\Users\ashut\Downloads\GeoQA\GeoQA3\image\1756.png,circle,circle,Yes
GeoQA,C:\Users\ashut\Downloads\GeoQA\GeoQA3\image\1757.png,circle,circle,Yes
GeoQA,C:\Users\ashut\Downloads\GeoQA\GeoQA3\image\1762.png,circle,circle,Yes
GeoQA,C:\Users\ashut\Downloads\GeoQA\GeoQA3\image\1764.png,circle,circle,Yes
GeoQA,C:\Users\ashut\Downloads\GeoQA\GeoQA3\image\1765.png,circle,circle,Yes
GeoQA,C:\Users\ashut\Downloads\GeoQA\GeoQA3\image\1771.png,triangle,circle,No
GeoQA,C:\Users\ashut\Downloads\GeoQA\GeoQA3\image\1783.png,circle,circle,Yes
GeoQA,C:\Users\ashut\Downloads\GeoQA\GeoQA3\image\1787.png,circle,circle,Yes
GeoQA,C:\Users\ashut\Downloads\GeoQA\GeoQA3\image\1791.png,circle,circle,Yes
GeoQA,C:\Users\ashut\Downloads\GeoQA\GeoQA3\image\1798.png,circle,circle,Yes
GeoQA,C:\Users\ashut\Downloads\GeoQA\GeoQA3\image\1801.png,circle,circle,Yes
GeoQA,C:\Users\ashut\Downloads\GeoQA\GeoQA3\image\1803.png,circle,circle,Yes
GeoQA,C:\Users\ashut\Downloads\GeoQA\GeoQA3\image\1825.png,circle,circle,Yes
GeoQA,C:\Users\ashut\Downloads\GeoQA\GeoQA3\image\1828.png,circle,circle,Yes
GeoQA,C:\Users\ashut\Downloads\GeoQA\GeoQA3\image\1829.png,circle,circle,Yes
GeoQA,C:\Users\ashut\Downloads\GeoQA\GeoQA3\image\1834.png,circle,circle,Yes
GeoQA,C:\Users\ashut\Downloads\GeoQA\GeoQA3\image\1841.png,circle,circle,Yes
GeoQA,C:\Users\ashut\Downloads\GeoQA\GeoQA3\image\1842.png,circle,circle,Yes
GeoQA,C:\Users\ashut\Downloads\GeoQA\GeoQA3\image\1845.png,circle,circle,Yes
GeoQA,C:\Users\ashut\Downloads\GeoQA\GeoQA3\image\1857.png,circle,circle,Yes
GeoQA,C:\Users\ashut\Downloads\GeoQA\GeoQA3\image\1858.png,triangle,circle,No
GeoQA,C:\Users\ashut\Downloads\GeoQA\GeoQA3\image\186.png,circle,circle,Yes
GeoQA,C:\Users\ashut\Downloads\GeoQA\GeoQA3\image\1865.png,circle,circle,Yes
GeoQA,C:\Users\ashut\Downloads\GeoQA\GeoQA3\image\1866.png,circle,circle,Yes
GeoQA,C:\Users\ashut\Downloads\GeoQA\GeoQA3\image\1874.png,circle,circle,Yes
GeoQA,C:\Users\ashut\Downloads\GeoQA\GeoQA3\image\1876.png,circle,circle,Yes
GeoQA,C:\Users\ashut\Downloads\GeoQA\GeoQA3\image\1890.png,circle,circle,Yes
GeoQA,C:\Users\ashut\Downloads\GeoQA\GeoQA3\image\1917.png,circle,circle,Yes
GeoQA,C:\Users\ashut\Downloads\GeoQA\GeoQA3\image\1919.png,circle,circle,Yes
GeoQA,C:\Users\ashut\Downloads\GeoQA\GeoQA3\image\1929.png,triangle,circle,No
GeoQA,C:\Users\ashut\Downloads\GeoQA\GeoQA3\image\1930.png,triangle,circle,No
GeoQA,C:\Users\ashut\Downloads\GeoQA\GeoQA3\image\1946.png,triangle,circle,No
GeoQA,C:\Users\ashut\Downloads\GeoQA\GeoQA3\image\1958.png,circle,circle,Yes
GeoQA,C:\Users\ashut\Downloads\GeoQA\GeoQA3\image\2.png,triangle,circle,No
GeoQA,C:\Users\ashut\Downloads\GeoQA\GeoQA3\image\2009.png,square,square,Yes
GeoQA,C:\Users\ashut\Downloads\GeoQA\GeoQA3\image\2024.png,triangle,circle,No
GeoQA,C:\Users\ashut\Downloads\GeoQA\GeoQA3\image\2029.png,triangle,triangle,Yes
GeoQA,C:\Users\ashut\Downloads\GeoQA\GeoQA3\image\2032.png,rectangle,circle,No
GeoQA,C:\Users\ashut\Downloads\GeoQA\GeoQA3\image\2035.png,circle,circle,Yes
GeoQA,C:\Users\ashut\Downloads\GeoQA\GeoQA3\image\2043.png,triangle,circle,No
GeoQA,C:\Users\ashut\Downloads\GeoQA\GeoQA3\image\2046.png,triangle,triangle,Yes
GeoQA,C:\Users\ashut\Downloads\GeoQA\GeoQA3\image\2096.png,triangle,circle,No
GeoQA,C:\Users\ashut\Downloads\GeoQA\GeoQA3\image\211.png,circle,circle,Yes
GeoQA,C:\Users\ashut\Downloads\GeoQA\GeoQA3\image\2134.png,triangle,circle,No
GeoQA,C:\Users\ashut\Downloads\GeoQA\GeoQA3\image\2175.png,triangle,circle,No
GeoQA,C:\Users\ashut\Downloads\GeoQA\GeoQA3\image\223.png,triangle,circle,No
GeoQA,C:\Users\ashut\Downloads\GeoQA\GeoQA3\image\2247.png,circle,circle,Yes
GeoQA,C:\Users\ashut\Downloads\GeoQA\GeoQA3\image\23.png,circle,circle,Yes
GeoQA,C:\Users\ashut\Downloads\GeoQA\GeoQA3\image\2301.png,circle,circle,Yes
GeoQA,C:\Users\ashut\Downloads\GeoQA\GeoQA3\image\2302.png,square,triangle,No
GeoQA,C:\Users\ashut\Downloads\GeoQA\GeoQA3\image\2312.png,circle,circle,Yes
GeoQA,C:\Users\ashut\Downloads\GeoQA\GeoQA3\image\2314.png,triangle,triangle,Yes
GeoQA,C:\Users\ashut\Downloads\GeoQA\GeoQA3\image\2315.png,triangle,circle,No
GeoQA,C:\Users\ashut\Downloads\GeoQA\GeoQA3\image\2316.png,triangle,circle,No
GeoQA,C:\Users\ashut\Downloads\GeoQA\GeoQA3\image\2319.png,triangle,triangle,Yes
GeoQA,C:\Users\ashut\Downloads\GeoQA\GeoQA3\image\2323.png,circle,circle,Yes
GeoQA,C:\Users\ashut\Downloads\GeoQA\GeoQA3\image\2343.png,circle,circle,Yes
GeoQA,C:\Users\ashut\Downloads\GeoQA\GeoQA3\image\2355.png,triangle,trapezium,No
GeoQA,C:\Users\ashut\Downloads\GeoQA\GeoQA3\image\2360.png,triangle,triangle,Yes
GeoQA,C:\Users\ashut\Downloads\GeoQA\GeoQA3\image\2361.png,triangle,trapezium,No
GeoQA,C:\Users\ashut\Downloads\GeoQA\GeoQA3\image\2363.png,triangle,triangle,Yes
GeoQA,C:\Users\ashut\Downloads\GeoQA\GeoQA3\image\2373.png,triangle,circle,No
GeoQA,C:\Users\ashut\Downloads\GeoQA\GeoQA3\image\2375.png,triangle,trapezium,No
GeoQA,C:\Users\ashut\Downloads\GeoQA\GeoQA3\image\2382.png,triangle,triangle,Yes
GeoQA,C:\Users\ashut\Downloads\GeoQA\GeoQA3\image\2383.png,triangle,triangle,Yes
GeoQA,C:\Users\ashut\Downloads\GeoQA\GeoQA3\image\2407.png,triangle,triangle,Yes
GeoQA,C:\Users\ashut\Downloads\GeoQA\GeoQA3\image\2410.png,circle,circle,Yes
GeoQA,C:\Users\ashut\Downloads\GeoQA\GeoQA3\image\2427.png,triangle,triangle,Yes
GeoQA,C:\Users\ashut\Downloads\GeoQA\GeoQA3\image\2430.png,triangle,triangle,Yes
GeoQA,C:\Users\ashut\Downloads\GeoQA\GeoQA3\image\2436.png,triangle,triangle,Yes
GeoQA,C:\Users\ashut\Downloads\GeoQA\GeoQA3\image\2437.png,triangle,triangle,Yes
GeoQA,C:\Users\ashut\Downloads\GeoQA\GeoQA3\image\2472.png,triangle,triangle,Yes
GeoQA,C:\Users\ashut\Downloads\GeoQA\GeoQA3\image\2476.png,circle,circle,Yes
GeoQA,C:\Users\ashut\Downloads\GeoQA\GeoQA3\image\2490.png,triangle,parallelogram,No
GeoQA,C:\Users\ashut\Downloads\GeoQA\GeoQA3\image\2496.png,triangle,circle,No
GeoQA,C:\Users\ashut\Downloads\GeoQA\GeoQA3\image\2556.png,triangle,triangle,Yes
GeoQA,C:\Users\ashut\Downloads\GeoQA\GeoQA3\image\2579.png,triangle,triangle,Yes
GeoQA,C:\Users\ashut\Downloads\GeoQA\GeoQA3\image\2588.png,triangle,triangle,Yes
GeoQA,C:\Users\ashut\Downloads\GeoQA\GeoQA3\image\2612.png,triangle,triangle,Yes
GeoQA,C:\Users\ashut\Downloads\GeoQA\GeoQA3\image\2630.png,square,square,Yes
GeoQA,C:\Users\ashut\Downloads\GeoQA\GeoQA3\image\2638.png,triangle,triangle,Yes
GeoQA,C:\Users\ashut\Downloads\GeoQA\GeoQA3\image\2662.png,triangle,triangle,Yes
GeoQA,C:\Users\ashut\Downloads\GeoQA\GeoQA3\image\2669.png,triangle,circle,No
GeoQA,C:\Users\ashut\Downloads\GeoQA\GeoQA3\image\2705.png,triangle,triangle,Yes
GeoQA,C:\Users\ashut\Downloads\GeoQA\GeoQA3\image\2711.png,circle,circle,Yes
GeoQA,C:\Users\ashut\Downloads\GeoQA\GeoQA3\image\2724.png,circle,circle,Yes
GeoQA,C:\Users\ashut\Downloads\GeoQA\GeoQA3\image\2728.png,triangle,triangle,Yes
GeoQA,C:\Users\ashut\Downloads\GeoQA\GeoQA3\image\2731.png,triangle,triangle,Yes
GeoQA,C:\Users\ashut\Downloads\GeoQA\GeoQA3\image\2735.png,circle,circle,Yes
GeoQA,C:\Users\ashut\Downloads\GeoQA\GeoQA3\image\2737.png,triangle,triangle,Yes
GeoQA,C:\Users\ashut\Downloads\GeoQA\GeoQA3\image\2739.png,triangle,triangle,Yes
GeoQA,C:\Users\ashut\Downloads\GeoQA\GeoQA3\image\2741.png,triangle,triangle,Yes
GeoQA,C:\Users\ashut\Downloads\GeoQA\GeoQA3\image\2748.png,triangle,triangle,Yes
GeoQA,C:\Users\ashut\Downloads\GeoQA\GeoQA3\image\2755.png,triangle,triangle,Yes
GeoQA,C:\Users\ashut\Downloads\GeoQA\GeoQA3\image\2773.png,triangle,triangle,Yes
GeoQA,C:\Users\ashut\Downloads\GeoQA\GeoQA3\image\2795.png,triangle,triangle,Yes
GeoQA,C:\Users\ashut\Downloads\GeoQA\GeoQA3\image\2820.png,triangle,triangle,Yes
GeoQA,C:\Users\ashut\Downloads\GeoQA\GeoQA3\image\2821.png,triangle,triangle,Yes
GeoQA,C:\Users\ashut\Downloads\GeoQA\GeoQA3\image\2829.png,triangle,triangle,Yes
GeoQA,C:\Users\ashut\Downloads\GeoQA\GeoQA3\image\2836.png,triangle,circle,No
GeoQA,C:\Users\ashut\Downloads\GeoQA\GeoQA3\image\2838.png,square,circle,No
GeoQA,C:\Users\ashut\Downloads\GeoQA\GeoQA3\image\2851.png,triangle,triangle,Yes
GeoQA,C:\Users\ashut\Downloads\GeoQA\GeoQA3\image\2872.png,triangle,triangle,Yes
GeoQA,C:\Users\ashut\Downloads\GeoQA\GeoQA3\image\2875.png,triangle,triangle,Yes
GeoQA,C:\Users\ashut\Downloads\GeoQA\GeoQA3\image\289.png,triangle,triangle,Yes
GeoQA,C:\Users\ashut\Downloads\GeoQA\GeoQA3\image\2960.png,circle,circle,Yes
GeoQA,C:\Users\ashut\Downloads\GeoQA\GeoQA3\image\2970.png,circle,circle,Yes
GeoQA,C:\Users\ashut\Downloads\GeoQA\GeoQA3\image\2985.png,circle,circle,Yes
GeoQA,C:\Users\ashut\Downloads\GeoQA\GeoQA3\image\2993.png,circle,circle,Yes
GeoQA,C:\Users\ashut\Downloads\GeoQA\GeoQA3\image\2997.png,circle,circle,Yes
GeoQA,C:\Users\ashut\Downloads\GeoQA\GeoQA3\image\3006.png,circle,circle,Yes
GeoQA,C:\Users\ashut\Downloads\GeoQA\GeoQA3\image\3007.png,circle,circle,Yes
GeoQA,C:\Users\ashut\Downloads\GeoQA\GeoQA3\image\3025.png,circle,circle,Yes
GeoQA,C:\Users\ashut\Downloads\GeoQA\GeoQA3\image\3028.png,circle,circle,Yes
GeoQA,C:\Users\ashut\Downloads\GeoQA\GeoQA3\image\3032.png,circle,circle,Yes
GeoQA,C:\Users\ashut\Downloads\GeoQA\GeoQA3\image\3037.png,circle,circle,Yes
GeoQA,C:\Users\ashut\Downloads\GeoQA\GeoQA3\image\3049.png,circle,circle,Yes
GeoQA,C:\Users\ashut\Downloads\GeoQA\GeoQA3\image\3057.png,circle,circle,Yes
GeoQA,C:\Users\ashut\Downloads\GeoQA\GeoQA3\image\3058.png,circle,circle,Yes
GeoQA,C:\Users\ashut\Downloads\GeoQA\GeoQA3\image\306.png,circle,circle,Yes
GeoQA,C:\Users\ashut\Downloads\GeoQA\GeoQA3\image\3063.png,circle,circle,Yes
GeoQA,C:\Users\ashut\Downloads\GeoQA\GeoQA3\image\3084.png,circle,triangle,No
GeoQA,C:\Users\ashut\Downloads\GeoQA\GeoQA3\image\3095.png,circle,circle,Yes
GeoQA,C:\Users\ashut\Downloads\GeoQA\GeoQA3\image\3099.png,circle,circle,Yes
GeoQA,C:\Users\ashut\Downloads\GeoQA\GeoQA3\image\3114.png,circle,circle,Yes
GeoQA,C:\Users\ashut\Downloads\GeoQA\GeoQA3\image\3115.png,circle,circle,Yes
GeoQA,C:\Users\ashut\Downloads\GeoQA\GeoQA3\image\312.png,triangle,circle,No
GeoQA,C:\Users\ashut\Downloads\GeoQA\GeoQA3\image\3127.png,circle,circle,Yes
GeoQA,C:\Users\ashut\Downloads\GeoQA\GeoQA3\image\3128.png,circle,circle,Yes
GeoQA,C:\Users\ashut\Downloads\GeoQA\GeoQA3\image\3157.png,circle,circle,Yes
GeoQA,C:\Users\ashut\Downloads\GeoQA\GeoQA3\image\3184.png,circle,circle,Yes
GeoQA,C:\Users\ashut\Downloads\GeoQA\GeoQA3\image\3199.png,circle,circle,Yes
GeoQA,C:\Users\ashut\Downloads\GeoQA\GeoQA3\image\3230.png,circle,circle,Yes
GeoQA,C:\Users\ashut\Downloads\GeoQA\GeoQA3\image\3235.png,circle,circle,Yes
GeoQA,C:\Users\ashut\Downloads\GeoQA\GeoQA3\image\3236.png,triangle,trapezium,No
GeoQA,C:\Users\ashut\Downloads\GeoQA\GeoQA3\image\3243.png,circle,circle,Yes
GeoQA,C:\Users\ashut\Downloads\GeoQA\GeoQA3\image\3268.png,circle,circle,Yes
GeoQA,C:\Users\ashut\Downloads\GeoQA\GeoQA3\image\3273.png,circle,circle,Yes
GeoQA,C:\Users\ashut\Downloads\GeoQA\GeoQA3\image\3281.png,circle,circle,Yes
GeoQA,C:\Users\ashut\Downloads\GeoQA\GeoQA3\image\3288.png,circle,circle,Yes
GeoQA,C:\Users\ashut\Downloads\GeoQA\GeoQA3\image\3289.png,triangle,circle,No
GeoQA,C:\Users\ashut\Downloads\GeoQA\GeoQA3\image\3308.png,circle,circle,Yes
GeoQA,C:\Users\ashut\Downloads\GeoQA\GeoQA3\image\3324.png,circle,circle,Yes
GeoQA,C:\Users\ashut\Downloads\GeoQA\GeoQA3\image\3328.png,circle,circle,Yes
GeoQA,C:\Users\ashut\Downloads\GeoQA\GeoQA3\image\333.png,circle,circle,Yes
GeoQA,C:\Users\ashut\Downloads\GeoQA\GeoQA3\image\3338.png,circle,circle,Yes
GeoQA,C:\Users\ashut\Downloads\GeoQA\GeoQA3\image\3353.png,circle,circle,Yes
GeoQA,C:\Users\ashut\Downloads\GeoQA\GeoQA3\image\3356.png,circle,circle,Yes
GeoQA,C:\Users\ashut\Downloads\GeoQA\GeoQA3\image\3357.png,circle,circle,Yes
GeoQA,C:\Users\ashut\Downloads\GeoQA\GeoQA3\image\3361.png,circle,circle,Yes
GeoQA,C:\Users\ashut\Downloads\GeoQA\GeoQA3\image\3367.png,circle,circle,Yes
GeoQA,C:\Users\ashut\Downloads\GeoQA\GeoQA3\image\3375.png,circle,circle,Yes
GeoQA,C:\Users\ashut\Downloads\GeoQA\GeoQA3\image\3381.png,circle,circle,Yes
GeoQA,C:\Users\ashut\Downloads\GeoQA\GeoQA3\image\3383.png,circle,circle,Yes
GeoQA,C:\Users\ashut\Downloads\GeoQA\GeoQA3\image\3390.png,circle,circle,Yes
GeoQA,C:\Users\ashut\Downloads\GeoQA\GeoQA3\image\3393.png,circle,circle,Yes
GeoQA,C:\Users\ashut\Downloads\GeoQA\GeoQA3\image\3397.png,circle,circle,Yes
GeoQA,C:\Users\ashut\Downloads\GeoQA\GeoQA3\image\3411.png,circle,circle,Yes
GeoQA,C:\Users\ashut\Downloads\GeoQA\GeoQA3\image\3417.png,circle,triangle,No
GeoQA,C:\Users\ashut\Downloads\GeoQA\GeoQA3\image\3422.png,circle,circle,Yes
GeoQA,C:\Users\ashut\Downloads\GeoQA\GeoQA3\image\343.png,circle,circle,Yes
GeoQA,C:\Users\ashut\Downloads\GeoQA\GeoQA3\image\344.png,rectangle,rectangle,Yes
GeoQA,C:\Users\ashut\Downloads\GeoQA\GeoQA3\image\3442.png,circle,circle,Yes
GeoQA,C:\Users\ashut\Downloads\GeoQA\GeoQA3\image\3459.png,circle,circle,Yes
GeoQA,C:\Users\ashut\Downloads\GeoQA\GeoQA3\image\3463.png,circle,circle,Yes
GeoQA,C:\Users\ashut\Downloads\GeoQA\GeoQA3\image\3467.png,circle,circle,Yes
GeoQA,C:\Users\ashut\Downloads\GeoQA\GeoQA3\image\3533.png,circle,triangle,No
GeoQA,C:\Users\ashut\Downloads\GeoQA\GeoQA3\image\3536.png,circle,rectangle,No
GeoQA,C:\Users\ashut\Downloads\GeoQA\GeoQA3\image\3556.png,circle,circle,Yes
GeoQA,C:\Users\ashut\Downloads\GeoQA\GeoQA3\image\3557.png,circle,circle,Yes
GeoQA,C:\Users\ashut\Downloads\GeoQA\GeoQA3\image\3586.png,circle,circle,Yes
GeoQA,C:\Users\ashut\Downloads\GeoQA\GeoQA3\image\3616.png,circle,circle,Yes
GeoQA,C:\Users\ashut\Downloads\GeoQA\GeoQA3\image\3626.png,circle,circle,Yes
GeoQA,C:\Users\ashut\Downloads\GeoQA\GeoQA3\image\3632.png,circle,circle,Yes
GeoQA,C:\Users\ashut\Downloads\GeoQA\GeoQA3\image\3657.png,circle,circle,Yes
GeoQA,C:\Users\ashut\Downloads\GeoQA\GeoQA3\image\3666.png,circle,circle,Yes
GeoQA,C:\Users\ashut\Downloads\GeoQA\GeoQA3\image\3671.png,circle,circle,Yes
GeoQA,C:\Users\ashut\Downloads\GeoQA\GeoQA3\image\3686.png,triangle,circle,No
GeoQA,C:\Users\ashut\Downloads\GeoQA\GeoQA3\image\3691.png,circle,triangle,No
GeoQA,C:\Users\ashut\Downloads\GeoQA\GeoQA3\image\3714.png,circle,circle,Yes
GeoQA,C:\Users\ashut\Downloads\GeoQA\GeoQA3\image\3727.png,circle,circle,Yes
GeoQA,C:\Users\ashut\Downloads\GeoQA\GeoQA3\image\3741.png,circle,circle,Yes
GeoQA,C:\Users\ashut\Downloads\GeoQA\GeoQA3\image\3780.png,circle,triangle,No
GeoQA,C:\Users\ashut\Downloads\GeoQA\GeoQA3\image\3782.png,circle,triangle,No
GeoQA,C:\Users\ashut\Downloads\GeoQA\GeoQA3\image\3807.png,circle,triangle,No
GeoQA,C:\Users\ashut\Downloads\GeoQA\GeoQA3\image\3833.png,circle,circle,Yes
GeoQA,C:\Users\ashut\Downloads\GeoQA\GeoQA3\image\3838.png,circle,circle,Yes
GeoQA,C:\Users\ashut\Downloads\GeoQA\GeoQA3\image\384.png,triangle,triangle,Yes
GeoQA,C:\Users\ashut\Downloads\GeoQA\GeoQA3\image\386.png,rectangle,circle,No
GeoQA,C:\Users\ashut\Downloads\GeoQA\GeoQA3\image\3877.png,circle,circle,Yes
GeoQA,C:\Users\ashut\Downloads\GeoQA\GeoQA3\image\3905.png,circle,circle,Yes
GeoQA,C:\Users\ashut\Downloads\GeoQA\GeoQA3\image\3910.png,triangle,circle,No
GeoQA,C:\Users\ashut\Downloads\GeoQA\GeoQA3\image\3930.png,circle,circle,Yes
GeoQA,C:\Users\ashut\Downloads\GeoQA\GeoQA3\image\3947.png,triangle,circle,No
GeoQA,C:\Users\ashut\Downloads\GeoQA\GeoQA3\image\3958.png,triangle,circle,No
GeoQA,C:\Users\ashut\Downloads\GeoQA\GeoQA3\image\3983.png,circle,circle,Yes
GeoQA,C:\Users\ashut\Downloads\GeoQA\GeoQA3\image\4035.png,square,square,Yes
GeoQA,C:\Users\ashut\Downloads\GeoQA\GeoQA3\image\4045.png,circle,circle,Yes
GeoQA,C:\Users\ashut\Downloads\GeoQA\GeoQA3\image\4046.png,circle,circle,Yes
GeoQA,C:\Users\ashut\Downloads\GeoQA\GeoQA3\image\408.png,circle,circle,Yes
GeoQA,C:\Users\ashut\Downloads\GeoQA\GeoQA3\image\4095.png,circle,circle,Yes
GeoQA,C:\Users\ashut\Downloads\GeoQA\GeoQA3\image\4126.png,circle,circle,Yes
GeoQA,C:\Users\ashut\Downloads\GeoQA\GeoQA3\image\4140.png,triangle,circle,No
GeoQA,C:\Users\ashut\Downloads\GeoQA\GeoQA3\image\4181.png,circle,circle,Yes
GeoQA,C:\Users\ashut\Downloads\GeoQA\GeoQA3\image\4190.png,circle,circle,Yes
GeoQA,C:\Users\ashut\Downloads\GeoQA\GeoQA3\image\420.png,square,square,Yes
GeoQA,C:\Users\ashut\Downloads\GeoQA\GeoQA3\image\4245.png,circle,circle,Yes
GeoQA,C:\Users\ashut\Downloads\GeoQA\GeoQA3\image\4255.png,triangle,circle,No
GeoQA,C:\Users\ashut\Downloads\GeoQA\GeoQA3\image\4284.png,triangle,triangle,Yes
GeoQA,C:\Users\ashut\Downloads\GeoQA\GeoQA3\image\4293.png,circle,circle,Yes
GeoQA,C:\Users\ashut\Downloads\GeoQA\GeoQA3\image\4300.png,triangle,circle,No
GeoQA,C:\Users\ashut\Downloads\GeoQA\GeoQA3\image\4312.png,triangle,circle,No
GeoQA,C:\Users\ashut\Downloads\GeoQA\GeoQA3\image\4324.png,triangle,circle,No
GeoQA,C:\Users\ashut\Downloads\GeoQA\GeoQA3\image\433.png,circle,circle,Yes
GeoQA,C:\Users\ashut\Downloads\GeoQA\GeoQA3\image\4332.png,circle,triangle,No
GeoQA,C:\Users\ashut\Downloads\GeoQA\GeoQA3\image\4334.png,triangle,circle,No
GeoQA,C:\Users\ashut\Downloads\GeoQA\GeoQA3\image\4336.png,circle,circle,Yes
GeoQA,C:\Users\ashut\Downloads\GeoQA\GeoQA3\image\4342.png,circle,circle,Yes
GeoQA,C:\Users\ashut\Downloads\GeoQA\GeoQA3\image\4379.png,circle,circle,Yes
GeoQA,C:\Users\ashut\Downloads\GeoQA\GeoQA3\image\4404.png,triangle,circle,No
GeoQA,C:\Users\ashut\Downloads\GeoQA\GeoQA3\image\4411.png,triangle,circle,No
GeoQA,C:\Users\ashut\Downloads\GeoQA\GeoQA3\image\4412.png,triangle,circle,No
GeoQA,C:\Users\ashut\Downloads\GeoQA\GeoQA3\image\4427.png,square,square,Yes
GeoQA,C:\Users\ashut\Downloads\GeoQA\GeoQA3\image\4438.png,circle,triangle,No
GeoQA,C:\Users\ashut\Downloads\GeoQA\GeoQA3\image\4450.png,triangle,circle,No
GeoQA,C:\Users\ashut\Downloads\GeoQA\GeoQA3\image\4451.png,triangle,circle,No
GeoQA,C:\Users\ashut\Downloads\GeoQA\GeoQA3\image\4475.png,square,circle,No
GeoQA,C:\Users\ashut\Downloads\GeoQA\GeoQA3\image\4542.png,triangle,rectangle,No
GeoQA,C:\Users\ashut\Downloads\GeoQA\GeoQA3\image\4548.png,triangle,triangle,Yes
GeoQA,C:\Users\ashut\Downloads\GeoQA\GeoQA3\image\4552.png,triangle,circle,No
GeoQA,C:\Users\ashut\Downloads\GeoQA\GeoQA3\image\4558.png,triangle,parallelogram,No
GeoQA,C:\Users\ashut\Downloads\GeoQA\GeoQA3\image\4566.png,triangle,triangle,Yes
GeoQA,C:\Users\ashut\Downloads\GeoQA\GeoQA3\image\458.png,circle,circle,Yes
GeoQA,C:\Users\ashut\Downloads\GeoQA\GeoQA3\image\4590.png,triangle,parallelogram,No
GeoQA,C:\Users\ashut\Downloads\GeoQA\GeoQA3\image\4596.png,triangle,triangle,Yes
GeoQA,C:\Users\ashut\Downloads\GeoQA\GeoQA3\image\4598.png,triangle,parallelogram,No
GeoQA,C:\Users\ashut\Downloads\GeoQA\GeoQA3\image\4602.png,triangle,triangle,Yes
GeoQA,C:\Users\ashut\Downloads\GeoQA\GeoQA3\image\4639.png,triangle,triangle,Yes
GeoQA,C:\Users\ashut\Downloads\GeoQA\GeoQA3\image\471.png,triangle,circle,No
GeoQA,C:\Users\ashut\Downloads\GeoQA\GeoQA3\image\4796.png,triangle,triangle,Yes
GeoQA,C:\Users\ashut\Downloads\GeoQA\GeoQA3\image\4800.png,triangle,triangle,Yes
GeoQA,C:\Users\ashut\Downloads\GeoQA\GeoQA3\image\4809.png,triangle,triangle,Yes
GeoQA,C:\Users\ashut\Downloads\GeoQA\GeoQA3\image\4816.png,triangle,rectangle,No
GeoQA,C:\Users\ashut\Downloads\GeoQA\GeoQA3\image\4817.png,triangle,triangle,Yes
GeoQA,C:\Users\ashut\Downloads\GeoQA\GeoQA3\image\4820.png,triangle,triangle,Yes
GeoQA,C:\Users\ashut\Downloads\GeoQA\GeoQA3\image\4834.png,triangle,triangle,Yes
GeoQA,C:\Users\ashut\Downloads\GeoQA\GeoQA3\image\4859.png,triangle,triangle,Yes
GeoQA,C:\Users\ashut\Downloads\GeoQA\GeoQA3\image\4860.png,triangle,circle,No
GeoQA,C:\Users\ashut\Downloads\GeoQA\GeoQA3\image\4865.png,triangle,triangle,Yes
GeoQA,C:\Users\ashut\Downloads\GeoQA\GeoQA3\image\4991.png,triangle,triangle,Yes
GeoQA,C:\Users\ashut\Downloads\GeoQA\GeoQA3\image\5094.png,triangle,trapezium,No
GeoQA,C:\Users\ashut\Downloads\GeoQA\GeoQA3\image\5096.png,triangle,circle,No
GeoQA,C:\Users\ashut\Downloads\GeoQA\GeoQA3\image\5098.png,triangle,circle,No
GeoQA,C:\Users\ashut\Downloads\GeoQA\GeoQA3\image\5103.png,triangle,circle,No
GeoQA,C:\Users\ashut\Downloads\GeoQA\GeoQA3\image\5104.png,triangle,circle,No
GeoQA,C:\Users\ashut\Downloads\GeoQA\GeoQA3\image\5105.png,triangle,circle,No
GeoQA,C:\Users\ashut\Downloads\GeoQA\GeoQA3\image\5107.png,triangle,circle,No
GeoQA,C:\Users\ashut\Downloads\GeoQA\GeoQA3\image\5109.png,triangle,circle,No
GeoQA,C:\Users\ashut\Downloads\GeoQA\GeoQA3\image\5112.png,triangle,circle,No
GeoQA,C:\Users\ashut\Downloads\GeoQA\GeoQA3\image\5125.png,triangle,circle,No
GeoQA,C:\Users\ashut\Downloads\GeoQA\GeoQA3\image\5126.png,triangle,circle,No
GeoQA,C:\Users\ashut\Downloads\GeoQA\GeoQA3\image\5135.png,triangle,circle,No
GeoQA,C:\Users\ashut\Downloads\GeoQA\GeoQA3\image\5136.png,triangle,trapezium,No
GeoQA,C:\Users\ashut\Downloads\GeoQA\GeoQA3\image\5162.png,triangle,circle,No
GeoQA,C:\Users\ashut\Downloads\GeoQA\GeoQA3\image\5174.png,triangle,circle,No
GeoQA,C:\Users\ashut\Downloads\GeoQA\GeoQA3\image\5183.png,triangle,circle,No
GeoQA,C:\Users\ashut\Downloads\GeoQA\GeoQA3\image\5186.png,circle,circle,Yes
GeoQA,C:\Users\ashut\Downloads\GeoQA\GeoQA3\image\5187.png,triangle,circle,No
GeoQA,C:\Users\ashut\Downloads\GeoQA\GeoQA3\image\5188.png,triangle,circle,No
GeoQA,C:\Users\ashut\Downloads\GeoQA\GeoQA3\image\5194.png,triangle,circle,No
GeoQA,C:\Users\ashut\Downloads\GeoQA\GeoQA3\image\5208.png,triangle,circle,No
GeoQA,C:\Users\ashut\Downloads\GeoQA\GeoQA3\image\5211.png,triangle,circle,No
GeoQA,C:\Users\ashut\Downloads\GeoQA\GeoQA3\image\5213.png,triangle,circle,No
GeoQA,C:\Users\ashut\Downloads\GeoQA\GeoQA3\image\5215.png,triangle,circle,No
GeoQA,C:\Users\ashut\Downloads\GeoQA\GeoQA3\image\5468.png,circle,circle,Yes
GeoQA,C:\Users\ashut\Downloads\GeoQA\GeoQA3\image\5470.png,circle,circle,Yes
GeoQA,C:\Users\ashut\Downloads\GeoQA\GeoQA3\image\5473.png,circle,circle,Yes
GeoQA,C:\Users\ashut\Downloads\GeoQA\GeoQA3\image\5475.png,circle,circle,Yes
GeoQA,C:\Users\ashut\Downloads\GeoQA\GeoQA3\image\5496.png,circle,circle,Yes
GeoQA,C:\Users\ashut\Downloads\GeoQA\GeoQA3\image\5498.png,circle,circle,Yes
GeoQA,C:\Users\ashut\Downloads\GeoQA\GeoQA3\image\5504.png,triangle,circle,No
GeoQA,C:\Users\ashut\Downloads\GeoQA\GeoQA3\image\5539.png,triangle,triangle,Yes
GeoQA,C:\Users\ashut\Downloads\GeoQA\GeoQA3\image\5544.png,triangle,circle,No
GeoQA,C:\Users\ashut\Downloads\GeoQA\GeoQA3\image\5609.png,triangle,circle,No
GeoQA,C:\Users\ashut\Downloads\GeoQA\GeoQA3\image\5637.png,triangle,triangle,Yes
GeoQA,C:\Users\ashut\Downloads\GeoQA\GeoQA3\image\5638.png,triangle,triangle,Yes
GeoQA,C:\Users\ashut\Downloads\GeoQA\GeoQA3\image\5647.png,square,square,Yes
GeoQA,C:\Users\ashut\Downloads\GeoQA\GeoQA3\image\5716.png,triangle,trapezium,No
GeoQA,C:\Users\ashut\Downloads\GeoQA\GeoQA3\image\5717.png,triangle,parallelogram,No
GeoQA,C:\Users\ashut\Downloads\GeoQA\GeoQA3\image\5863.png,triangle,triangle,Yes
GeoQA,C:\Users\ashut\Downloads\GeoQA\GeoQA3\image\590.png,circle,circle,Yes
GeoQA,C:\Users\ashut\Downloads\GeoQA\GeoQA3\image\5915.png,square,circle,No
GeoQA,C:\Users\ashut\Downloads\GeoQA\GeoQA3\image\6717.png,rectangle,circle,No
GeoQA,C:\Users\ashut\Downloads\GeoQA\GeoQA3\image\674.png,circle,circle,Yes
GeoQA,C:\Users\ashut\Downloads\GeoQA\GeoQA3\image\6929.png,square,rectangle,No
GeoQA,C:\Users\ashut\Downloads\GeoQA\GeoQA3\image\705.png,circle,circle,Yes
GeoQA,C:\Users\ashut\Downloads\GeoQA\GeoQA3\image\7080.png,triangle,circle,No
GeoQA,C:\Users\ashut\Downloads\GeoQA\GeoQA3\image\7083.png,triangle,triangle,Yes
GeoQA,C:\Users\ashut\Downloads\GeoQA\GeoQA3\image\7091.png,triangle,triangle,Yes
GeoQA,C:\Users\ashut\Downloads\GeoQA\GeoQA3\image\7131.png,square,circle,No
GeoQA,C:\Users\ashut\Downloads\GeoQA\GeoQA3\image\7132.png,triangle,triangle,Yes
GeoQA,C:\Users\ashut\Downloads\GeoQA\GeoQA3\image\7163.png,triangle,triangle,Yes
GeoQA,C:\Users\ashut\Downloads\GeoQA\GeoQA3\image\7165.png,triangle,triangle,Yes
GeoQA,C:\Users\ashut\Downloads\GeoQA\GeoQA3\image\7176.png,triangle,triangle,Yes
GeoQA,C:\Users\ashut\Downloads\GeoQA\GeoQA3\image\7185.png,triangle,circle,No
GeoQA,C:\Users\ashut\Downloads\GeoQA\GeoQA3\image\7218.png,triangle,triangle,Yes
GeoQA,C:\Users\ashut\Downloads\GeoQA\GeoQA3\image\7219.png,triangle,triangle,Yes
GeoQA,C:\Users\ashut\Downloads\GeoQA\GeoQA3\image\7260.png,triangle,triangle,Yes
GeoQA,C:\Users\ashut\Downloads\GeoQA\GeoQA3\image\7269.png,triangle,triangle,Yes
GeoQA,C:\Users\ashut\Downloads\GeoQA\GeoQA3\image\7290.png,triangle,parallelogram,No
GeoQA,C:\Users\ashut\Downloads\GeoQA\GeoQA3\image\7293.png,triangle,triangle,Yes
GeoQA,C:\Users\ashut\Downloads\GeoQA\GeoQA3\image\7352.png,triangle,triangle,Yes
GeoQA,C:\Users\ashut\Downloads\GeoQA\GeoQA3\image\7356.png,square,circle,No
GeoQA,C:\Users\ashut\Downloads\GeoQA\GeoQA3\image\7376.png,triangle,triangle,Yes
GeoQA,C:\Users\ashut\Downloads\GeoQA\GeoQA3\image\7377.png,triangle,triangle,Yes
GeoQA,C:\Users\ashut\Downloads\GeoQA\GeoQA3\image\7387.png,triangle,triangle,Yes
GeoQA,C:\Users\ashut\Downloads\GeoQA\GeoQA3\image\7398.png,triangle,triangle,Yes
GeoQA,C:\Users\ashut\Downloads\GeoQA\GeoQA3\image\7430.png,triangle,circle,No
GeoQA,C:\Users\ashut\Downloads\GeoQA\GeoQA3\image\7432.png,triangle,triangle,Yes
GeoQA,C:\Users\ashut\Downloads\GeoQA\GeoQA3\image\7449.png,triangle,triangle,Yes
GeoQA,C:\Users\ashut\Downloads\GeoQA\GeoQA3\image\7450.png,triangle,triangle,Yes
GeoQA,C:\Users\ashut\Downloads\GeoQA\GeoQA3\image\7452.png,triangle,triangle,Yes
GeoQA,C:\Users\ashut\Downloads\GeoQA\GeoQA3\image\7460.png,triangle,triangle,Yes
GeoQA,C:\Users\ashut\Downloads\GeoQA\GeoQA3\image\7462.png,triangle,triangle,Yes
GeoQA,C:\Users\ashut\Downloads\GeoQA\GeoQA3\image\7475.png,triangle,triangle,Yes
GeoQA,C:\Users\ashut\Downloads\GeoQA\GeoQA3\image\7476.png,triangle,triangle,Yes
GeoQA,C:\Users\ashut\Downloads\GeoQA\GeoQA3\image\7487.png,triangle,triangle,Yes
GeoQA,C:\Users\ashut\Downloads\GeoQA\GeoQA3\image\7494.png,triangle,triangle,Yes
GeoQA,C:\Users\ashut\Downloads\GeoQA\GeoQA3\image\7497.png,triangle,triangle,Yes
GeoQA,C:\Users\ashut\Downloads\GeoQA\GeoQA3\image\7507.png,triangle,triangle,Yes
GeoQA,C:\Users\ashut\Downloads\GeoQA\GeoQA3\image\7514.png,triangle,circle,No
GeoQA,C:\Users\ashut\Downloads\GeoQA\GeoQA3\image\7526.png,triangle,triangle,Yes
GeoQA,C:\Users\ashut\Downloads\GeoQA\GeoQA3\image\7533.png,triangle,triangle,Yes
GeoQA,C:\Users\ashut\Downloads\GeoQA\GeoQA3\image\7534.png,triangle,circle,No
GeoQA,C:\Users\ashut\Downloads\GeoQA\GeoQA3\image\7560.png,triangle,triangle,Yes
GeoQA,C:\Users\ashut\Downloads\GeoQA\GeoQA3\image\7581.png,square,square,Yes
GeoQA,C:\Users\ashut\Downloads\GeoQA\GeoQA3\image\7588.png,triangle,circle,No
GeoQA,C:\Users\ashut\Downloads\GeoQA\GeoQA3\image\7596.png,triangle,circle,No
GeoQA,C:\Users\ashut\Downloads\GeoQA\GeoQA3\image\7618.png,triangle,triangle,Yes
GeoQA,C:\Users\ashut\Downloads\GeoQA\GeoQA3\image\7626.png,triangle,triangle,Yes
GeoQA,C:\Users\ashut\Downloads\GeoQA\GeoQA3\image\7627.png,triangle,triangle,Yes
GeoQA,C:\Users\ashut\Downloads\GeoQA\GeoQA3\image\7641.png,triangle,circle,No
GeoQA,C:\Users\ashut\Downloads\GeoQA\GeoQA3\image\7655.png,triangle,triangle,Yes
GeoQA,C:\Users\ashut\Downloads\GeoQA\GeoQA3\image\7664.png,triangle,triangle,Yes
GeoQA,C:\Users\ashut\Downloads\GeoQA\GeoQA3\image\7705.png,triangle,trapezium,No
GeoQA,C:\Users\ashut\Downloads\GeoQA\GeoQA3\image\7708.png,triangle,circle,No
GeoQA,C:\Users\ashut\Downloads\GeoQA\GeoQA3\image\7711.png,triangle,triangle,Yes
GeoQA,C:\Users\ashut\Downloads\GeoQA\GeoQA3\image\7754.png,triangle,triangle,Yes
GeoQA,C:\Users\ashut\Downloads\GeoQA\GeoQA3\image\7755.png,square,triangle,No
GeoQA,C:\Users\ashut\Downloads\GeoQA\GeoQA3\image\7790.png,triangle,circle,No
GeoQA,C:\Users\ashut\Downloads\GeoQA\GeoQA3\image\7827.png,triangle,triangle,Yes
GeoQA,C:\Users\ashut\Downloads\GeoQA\GeoQA3\image\7828.png,triangle,triangle,Yes
GeoQA,C:\Users\ashut\Downloads\GeoQA\GeoQA3\image\7832.png,triangle,circle,No
GeoQA,C:\Users\ashut\Downloads\GeoQA\GeoQA3\image\786.png,circle,circle,Yes
GeoQA,C:\Users\ashut\Downloads\GeoQA\GeoQA3\image\7893.png,triangle,circle,No
GeoQA,C:\Users\ashut\Downloads\GeoQA\GeoQA3\image\7902.png,triangle,triangle,Yes
GeoQA,C:\Users\ashut\Downloads\GeoQA\GeoQA3\image\7908.png,square,rectangle,No
GeoQA,C:\Users\ashut\Downloads\GeoQA\GeoQA3\image\7911.png,square,square,Yes
GeoQA,C:\Users\ashut\Downloads\GeoQA\GeoQA3\image\7921.png,square,square,Yes
GeoQA,C:\Users\ashut\Downloads\GeoQA\GeoQA3\image\7927.png,triangle,triangle,Yes
GeoQA,C:\Users\ashut\Downloads\GeoQA\GeoQA3\image\7937.png,triangle,triangle,Yes
GeoQA,C:\Users\ashut\Downloads\GeoQA\GeoQA3\image\7976.png,triangle,triangle,Yes
GeoQA,C:\Users\ashut\Downloads\GeoQA\GeoQA3\image\7995.png,triangle,circle,No
GeoQA,C:\Users\ashut\Downloads\GeoQA\GeoQA3\image\80.png,triangle,circle,No
GeoQA,C:\Users\ashut\Downloads\GeoQA\GeoQA3\image\8023.png,triangle,parallelogram,No
GeoQA,C:\Users\ashut\Downloads\GeoQA\GeoQA3\image\8033.png,triangle,parallelogram,No
GeoQA,C:\Users\ashut\Downloads\GeoQA\GeoQA3\image\822.png,circle,circle,Yes
GeoQA,C:\Users\ashut\Downloads\GeoQA\GeoQA3\image\8399.png,circle,circle,Yes
GeoQA,C:\Users\ashut\Downloads\GeoQA\GeoQA3\image\8402.png,triangle,circle,No
GeoQA,C:\Users\ashut\Downloads\GeoQA\GeoQA3\image\8403.png,triangle,circle,No
GeoQA,C:\Users\ashut\Downloads\GeoQA\GeoQA3\image\8408.png,triangle,circle,No
GeoQA,C:\Users\ashut\Downloads\GeoQA\GeoQA3\image\8423.png,triangle,circle,No
GeoQA,C:\Users\ashut\Downloads\GeoQA\GeoQA3\image\8425.png,triangle,circle,No
GeoQA,C:\Users\ashut\Downloads\GeoQA\GeoQA3\image\8430.png,triangle,parallelogram,No
GeoQA,C:\Users\ashut\Downloads\GeoQA\GeoQA3\image\8447.png,circle,circle,Yes
GeoQA,C:\Users\ashut\Downloads\GeoQA\GeoQA3\image\8449.png,circle,triangle,No
GeoQA,C:\Users\ashut\Downloads\GeoQA\GeoQA3\image\8461.png,circle,circle,Yes
GeoQA,C:\Users\ashut\Downloads\GeoQA\GeoQA3\image\849.png,circle,circle,Yes
GeoQA,C:\Users\ashut\Downloads\GeoQA\GeoQA3\image\8493.png,circle,circle,Yes
GeoQA,C:\Users\ashut\Downloads\GeoQA\GeoQA3\image\8509.png,circle,circle,Yes
GeoQA,C:\Users\ashut\Downloads\GeoQA\GeoQA3\image\8510.png,circle,circle,Yes
GeoQA,C:\Users\ashut\Downloads\GeoQA\GeoQA3\image\8536.png,circle,circle,Yes
GeoQA,C:\Users\ashut\Downloads\GeoQA\GeoQA3\image\8538.png,circle,circle,Yes
GeoQA,C:\Users\ashut\Downloads\GeoQA\GeoQA3\image\8546.png,circle,circle,Yes
GeoQA,C:\Users\ashut\Downloads\GeoQA\GeoQA3\image\8547.png,circle,circle,Yes
GeoQA,C:\Users\ashut\Downloads\GeoQA\GeoQA3\image\8549.png,circle,circle,Yes
GeoQA,C:\Users\ashut\Downloads\GeoQA\GeoQA3\image\8550.png,circle,circle,Yes
GeoQA,C:\Users\ashut\Downloads\GeoQA\GeoQA3\image\8556.png,circle,circle,Yes
GeoQA,C:\Users\ashut\Downloads\GeoQA\GeoQA3\image\8590.png,circle,circle,Yes
GeoQA,C:\Users\ashut\Downloads\GeoQA\GeoQA3\image\8607.png,circle,circle,Yes
GeoQA,C:\Users\ashut\Downloads\GeoQA\GeoQA3\image\8656.png,circle,circle,Yes
GeoQA,C:\Users\ashut\Downloads\GeoQA\GeoQA3\image\8667.png,circle,circle,Yes
GeoQA,C:\Users\ashut\Downloads\GeoQA\GeoQA3\image\8672.png,circle,circle,Yes
GeoQA,C:\Users\ashut\Downloads\GeoQA\GeoQA3\image\8678.png,circle,circle,Yes
GeoQA,C:\Users\ashut\Downloads\GeoQA\GeoQA3\image\8680.png,circle,rectangle,No
GeoQA,C:\Users\ashut\Downloads\GeoQA\GeoQA3\image\8693.png,circle,circle,Yes
GeoQA,C:\Users\ashut\Downloads\GeoQA\GeoQA3\image\8708.png,circle,circle,Yes
GeoQA,C:\Users\ashut\Downloads\GeoQA\GeoQA3\image\8718.png,circle,circle,Yes
GeoQA,C:\Users\ashut\Downloads\GeoQA\GeoQA3\image\8719.png,circle,circle,Yes
GeoQA,C:\Users\ashut\Downloads\GeoQA\GeoQA3\image\8721.png,circle,circle,Yes
GeoQA,C:\Users\ashut\Downloads\GeoQA\GeoQA3\image\8734.png,circle,circle,Yes
GeoQA,C:\Users\ashut\Downloads\GeoQA\GeoQA3\image\8737.png,circle,circle,Yes
GeoQA,C:\Users\ashut\Downloads\GeoQA\GeoQA3\image\8740.png,circle,triangle,No
GeoQA,C:\Users\ashut\Downloads\GeoQA\GeoQA3\image\8766.png,circle,circle,Yes
GeoQA,C:\Users\ashut\Downloads\GeoQA\GeoQA3\image\8769.png,circle,circle,Yes
GeoQA,C:\Users\ashut\Downloads\GeoQA\GeoQA3\image\880.png,circle,circle,Yes
GeoQA,C:\Users\ashut\Downloads\GeoQA\GeoQA3\image\8801.png,triangle,triangle,Yes
GeoQA,C:\Users\ashut\Downloads\GeoQA\GeoQA3\image\8820.png,circle,circle,Yes
GeoQA,C:\Users\ashut\Downloads\GeoQA\GeoQA3\image\8826.png,circle,circle,Yes
GeoQA,C:\Users\ashut\Downloads\GeoQA\GeoQA3\image\883.png,circle,circle,Yes
GeoQA,C:\Users\ashut\Downloads\GeoQA\GeoQA3\image\8842.png,triangle,circle,No
GeoQA,C:\Users\ashut\Downloads\GeoQA\GeoQA3\image\8851.png,triangle,circle,No
GeoQA,C:\Users\ashut\Downloads\GeoQA\GeoQA3\image\8867.png,triangle,trapezium,No
GeoQA,C:\Users\ashut\Downloads\GeoQA\GeoQA3\image\8879.png,circle,circle,Yes
GeoQA,C:\Users\ashut\Downloads\GeoQA\GeoQA3\image\8882.png,rectangle,circle,No
GeoQA,C:\Users\ashut\Downloads\GeoQA\GeoQA3\image\8896.png,square,square,Yes
GeoQA,C:\Users\ashut\Downloads\GeoQA\GeoQA3\image\8901.png,triangle,circle,No
GeoQA,C:\Users\ashut\Downloads\GeoQA\GeoQA3\image\8907.png,square,square,Yes
GeoQA,C:\Users\ashut\Downloads\GeoQA\GeoQA3\image\8924.png,square,rectangle,No
GeoQA,C:\Users\ashut\Downloads\GeoQA\GeoQA3\image\8952.png,triangle,circle,No
GeoQA,C:\Users\ashut\Downloads\GeoQA\GeoQA3\image\8953.png,triangle,circle,No
GeoQA,C:\Users\ashut\Downloads\GeoQA\GeoQA3\image\8981.png,square,square,Yes
GeoQA,C:\Users\ashut\Downloads\GeoQA\GeoQA3\image\8985.png,square,triangle,No
GeoQA,C:\Users\ashut\Downloads\GeoQA\GeoQA3\image\9.png,triangle,triangle,Yes
GeoQA,C:\Users\ashut\Downloads\GeoQA\GeoQA3\image\9010.png,square,rectangle,No
GeoQA,C:\Users\ashut\Downloads\GeoQA\GeoQA3\image\9015.png,square,circle,No
GeoQA,C:\Users\ashut\Downloads\GeoQA\GeoQA3\image\9020.png,square,circle,No
GeoQA,C:\Users\ashut\Downloads\GeoQA\GeoQA3\image\9039.png,square,square,Yes
GeoQA,C:\Users\ashut\Downloads\GeoQA\GeoQA3\image\9059.png,square,trapezium,No
GeoQA,C:\Users\ashut\Downloads\GeoQA\GeoQA3\image\9070.png,rectangle,rectangle,Yes
GeoQA,C:\Users\ashut\Downloads\GeoQA\GeoQA3\image\9079.png,rectangle,circle,No
GeoQA,C:\Users\ashut\Downloads\GeoQA\GeoQA3\image\9081.png,rectangle,rectangle,Yes
GeoQA,C:\Users\ashut\Downloads\GeoQA\GeoQA3\image\909.png,circle,circle,Yes
GeoQA,C:\Users\ashut\Downloads\GeoQA\GeoQA3\image\9105.png,triangle,rectangle,No
GeoQA,C:\Users\ashut\Downloads\GeoQA\GeoQA3\image\9107.png,triangle,circle,No
GeoQA,C:\Users\ashut\Downloads\GeoQA\GeoQA3\image\9115.png,triangle,circle,No
GeoQA,C:\Users\ashut\Downloads\GeoQA\GeoQA3\image\916.png,circle,circle,Yes
GeoQA,C:\Users\ashut\Downloads\GeoQA\GeoQA3\image\9175.png,triangle,square,No
GeoQA,C:\Users\ashut\Downloads\GeoQA\GeoQA3\image\9231.png,triangle,parallelogram,No
GeoQA,C:\Users\ashut\Downloads\GeoQA\GeoQA3\image\9299.png,triangle,parallelogram,No
GeoQA,C:\Users\ashut\Downloads\GeoQA\GeoQA3\image\9300.png,triangle,triangle,Yes
GeoQA,C:\Users\ashut\Downloads\GeoQA\GeoQA3\image\931.png,circle,circle,Yes
GeoQA,C:\Users\ashut\Downloads\GeoQA\GeoQA3\image\9311.png,triangle,triangle,Yes
GeoQA,C:\Users\ashut\Downloads\GeoQA\GeoQA3\image\9316.png,triangle,parallelogram,No
GeoQA,C:\Users\ashut\Downloads\GeoQA\GeoQA3\image\9463.png,triangle,parallelogram,No
GeoQA,C:\Users\ashut\Downloads\GeoQA\GeoQA3\image\9507.png,triangle,circle,No
GeoQA,C:\Users\ashut\Downloads\GeoQA\GeoQA3\image\9554.png,triangle,triangle,Yes
GeoQA,C:\Users\ashut\Downloads\GeoQA\GeoQA3\image\9577.png,circle,circle,Yes
GeoQA,C:\Users\ashut\Downloads\GeoQA\GeoQA3\image\9578.png,circle,circle,Yes
GeoQA,C:\Users\ashut\Downloads\GeoQA\GeoQA3\image\9594.png,circle,circle,Yes
GeoQA,C:\Users\ashut\Downloads\GeoQA\GeoQA3\image\9599.png,circle,triangle,No
GeoQA,C:\Users\ashut\Downloads\GeoQA\GeoQA3\image\9609.png,circle,circle,Yes
GeoQA,C:\Users\ashut\Downloads\GeoQA\GeoQA3\image\9621.png,circle,circle,Yes
GeoQA,C:\Users\ashut\Downloads\GeoQA\GeoQA3\image\9640.png,circle,circle,Yes
GeoQA,C:\Users\ashut\Downloads\GeoQA\GeoQA3\image\9652.png,circle,circle,Yes
GeoQA,C:\Users\ashut\Downloads\GeoQA\GeoQA3\image\9653.png,circle,circle,Yes
GeoQA,C:\Users\ashut\Downloads\GeoQA\GeoQA3\image\9658.png,circle,circle,Yes
GeoQA,C:\Users\ashut\Downloads\GeoQA\GeoQA3\image\9681.png,circle,circle,Yes
GeoQA,C:\Users\ashut\Downloads\GeoQA\GeoQA3\image\9684.png,circle,circle,Yes
GeoQA,C:\Users\ashut\Downloads\GeoQA\GeoQA3\image\9692.png,circle,circle,Yes
GeoQA,C:\Users\ashut\Downloads\GeoQA\GeoQA3\image\9707.png,circle,circle,Yes
GeoQA,C:\Users\ashut\Downloads\GeoQA\GeoQA3\image\9713.png,circle,circle,Yes
GeoQA,C:\Users\ashut\Downloads\GeoQA\GeoQA3\image\9714.png,circle,triangle,No
GeoQA,C:\Users\ashut\Downloads\GeoQA\GeoQA3\image\9727.png,circle,circle,Yes
GeoQA,C:\Users\ashut\Downloads\GeoQA\GeoQA3\image\9734.png,circle,circle,Yes
GeoQA,C:\Users\ashut\Downloads\GeoQA\GeoQA3\image\9741.png,circle,circle,Yes
GeoQA,C:\Users\ashut\Downloads\GeoQA\GeoQA3\image\9746.png,circle,circle,Yes
GeoQA,C:\Users\ashut\Downloads\GeoQA\GeoQA3\image\9765.png,circle,circle,Yes
GeoQA,C:\Users\ashut\Downloads\GeoQA\GeoQA3\image\9784.png,circle,circle,Yes
GeoQA,C:\Users\ashut\Downloads\GeoQA\GeoQA3\image\9790.png,triangle,circle,No
GeoQA,C:\Users\ashut\Downloads\GeoQA\GeoQA3\image\9801.png,triangle,circle,No
GeoQA,C:\Users\ashut\Downloads\GeoQA\GeoQA3\image\9814.png,circle,circle,Yes
GeoQA,C:\Users\ashut\Downloads\GeoQA\GeoQA3\image\9815.png,circle,circle,Yes
GeoQA,C:\Users\ashut\Downloads\GeoQA\GeoQA3\image\9827.png,circle,circle,Yes
GeoQA,C:\Users\ashut\Downloads\GeoQA\GeoQA3\image\9851.png,circle,circle,Yes
GeoQA,C:\Users\ashut\Downloads\GeoQA\GeoQA3\image\9853.png,circle,circle,Yes
GeoQA,C:\Users\ashut\Downloads\GeoQA\GeoQA3\image\9867.png,circle,circle,Yes
GeoQA,C:\Users\ashut\Downloads\GeoQA\GeoQA3\image\9894.png,circle,circle,Yes
GeoQA,C:\Users\ashut\Downloads\GeoQA\GeoQA3\image\9906.png,triangle,circle,No
GeoQA,C:\Users\ashut\Downloads\GeoQA\GeoQA3\image\9910.png,circle,circle,Yes
Geometry3K,C:\Users\ashut\Downloads\Geometry3K\train\1,parallelogram,parallelogram,Yes
Geometry3K,C:\Users\ashut\Downloads\Geometry3K\train\1002,circle,circle,Yes
Geometry3K,C:\Users\ashut\Downloads\Geometry3K\train\1008,triangle,triangle,Yes
Geometry3K,C:\Users\ashut\Downloads\Geometry3K\train\1013,triangle,triangle,Yes
Geometry3K,C:\Users\ashut\Downloads\Geometry3K\train\1023,rectangle,rectangle,Yes
Geometry3K,C:\Users\ashut\Downloads\Geometry3K\train\1025,triangle,triangle,Yes
Geometry3K,C:\Users\ashut\Downloads\Geometry3K\train\1033,parallelogram,parallelogram,Yes
Geometry3K,C:\Users\ashut\Downloads\Geometry3K\train\1035,parallelogram,parallelogram,Yes
Geometry3K,C:\Users\ashut\Downloads\Geometry3K\train\1042,parallelogram,parallelogram,Yes
Geometry3K,C:\Users\ashut\Downloads\Geometry3K\train\1053,circle,circle,Yes
Geometry3K,C:\Users\ashut\Downloads\Geometry3K\train\106,triangle,triangle,Yes
Geometry3K,C:\Users\ashut\Downloads\Geometry3K\train\1063,circle,circle,Yes
Geometry3K,C:\Users\ashut\Downloads\Geometry3K\train\1093,circle,circle,Yes
Geometry3K,C:\Users\ashut\Downloads\Geometry3K\train\11,circle,circle,Yes
Geometry3K,C:\Users\ashut\Downloads\Geometry3K\train\1104,circle,circle,Yes
Geometry3K,C:\Users\ashut\Downloads\Geometry3K\train\1113,parallelogram,parallelogram,Yes
Geometry3K,C:\Users\ashut\Downloads\Geometry3K\train\1114,parallelogram,parallelogram,Yes
Geometry3K,C:\Users\ashut\Downloads\Geometry3K\train\1123,rectangle,rectangle,Yes
Geometry3K,C:\Users\ashut\Downloads\Geometry3K\train\1137,parallelogram,parallelogram,Yes
Geometry3K,C:\Users\ashut\Downloads\Geometry3K\train\115,parallelogram,parallelogram,Yes
Geometry3K,C:\Users\ashut\Downloads\Geometry3K\train\1164,parallelogram,parallelogram,Yes
Geometry3K,C:\Users\ashut\Downloads\Geometry3K\train\1190,triangle,triangle,Yes
Geometry3K,C:\Users\ashut\Downloads\Geometry3K\train\1206,circle,circle,Yes
Geometry3K,C:\Users\ashut\Downloads\Geometry3K\train\1208,parallelogram,parallelogram,Yes
Geometry3K,C:\Users\ashut\Downloads\Geometry3K\train\1215,parallelogram,parallelogram,Yes
Geometry3K,C:\Users\ashut\Downloads\Geometry3K\train\1219,parallelogram,parallelogram,Yes
Geometry3K,C:\Users\ashut\Downloads\Geometry3K\train\1224,parallelogram,parallelogram,Yes
Geometry3K,C:\Users\ashut\Downloads\Geometry3K\train\1226,rectangle,rectangle,Yes
Geometry3K,C:\Users\ashut\Downloads\Geometry3K\train\1227,rectangle,circle,No
Geometry3K,C:\Users\ashut\Downloads\Geometry3K\train\1236,rectangle,rectangle,Yes
Geometry3K,C:\Users\ashut\Downloads\Geometry3K\train\1237,triangle,triangle,Yes
Geometry3K,C:\Users\ashut\Downloads\Geometry3K\train\1241,rectangle,rectangle,Yes
Geometry3K,C:\Users\ashut\Downloads\Geometry3K\train\1243,parallelogram,parallelogram,Yes
Geometry3K,C:\Users\ashut\Downloads\Geometry3K\train\1250,parallelogram,parallelogram,Yes
Geometry3K,C:\Users\ashut\Downloads\Geometry3K\train\1253,circle,circle,Yes
Geometry3K,C:\Users\ashut\Downloads\Geometry3K\train\1259,parallelogram,parallelogram,Yes
Geometry3K,C:\Users\ashut\Downloads\Geometry3K\train\126,square,square,Yes
Geometry3K,C:\Users\ashut\Downloads\Geometry3K\train\1276,triangle,triangle,Yes
Geometry3K,C:\Users\ashut\Downloads\Geometry3K\train\1280,parallelogram,parallelogram,Yes
Geometry3K,C:\Users\ashut\Downloads\Geometry3K\train\1282,parallelogram,parallelogram,Yes
Geometry3K,C:\Users\ashut\Downloads\Geometry3K\train\1286,triangle,triangle,Yes
Geometry3K,C:\Users\ashut\Downloads\Geometry3K\train\1302,circle,circle,Yes
Geometry3K,C:\Users\ashut\Downloads\Geometry3K\train\1304,circle,circle,Yes
Geometry3K,C:\Users\ashut\Downloads\Geometry3K\train\132,circle,circle,Yes
Geometry3K,C:\Users\ashut\Downloads\Geometry3K\train\1330,parallelogram,parallelogram,Yes
Geometry3K,C:\Users\ashut\Downloads\Geometry3K\train\1335,parallelogram,triangle,No
Geometry3K,C:\Users\ashut\Downloads\Geometry3K\train\1337,circle,circle,Yes
Geometry3K,C:\Users\ashut\Downloads\Geometry3K\train\1348,parallelogram,parallelogram,Yes
Geometry3K,C:\Users\ashut\Downloads\Geometry3K\train\1349,circle,circle,Yes
Geometry3K,C:\Users\ashut\Downloads\Geometry3K\train\1354,square,square,Yes
Geometry3K,C:\Users\ashut\Downloads\Geometry3K\train\1359,parallelogram,parallelogram,Yes
Geometry3K,C:\Users\ashut\Downloads\Geometry3K\train\1361,circle,circle,Yes
Geometry3K,C:\Users\ashut\Downloads\Geometry3K\train\1373,circle,circle,Yes
Geometry3K,C:\Users\ashut\Downloads\Geometry3K\train\1376,circle,circle,Yes
Geometry3K,C:\Users\ashut\Downloads\Geometry3K\train\1379,parallelogram,parallelogram,Yes
Geometry3K,C:\Users\ashut\Downloads\Geometry3K\train\1380,rectangle,rectangle,Yes
Geometry3K,C:\Users\ashut\Downloads\Geometry3K\train\1381,triangle,triangle,Yes
Geometry3K,C:\Users\ashut\Downloads\Geometry3K\train\1382,parallelogram,circle,No
Geometry3K,C:\Users\ashut\Downloads\Geometry3K\train\1391,parallelogram,parallelogram,Yes
Geometry3K,C:\Users\ashut\Downloads\Geometry3K\train\1410,parallelogram,rectangle,No
Geometry3K,C:\Users\ashut\Downloads\Geometry3K\train\1416,circle,circle,Yes
Geometry3K,C:\Users\ashut\Downloads\Geometry3K\train\1427,parallelogram,parallelogram,Yes
Geometry3K,C:\Users\ashut\Downloads\Geometry3K\train\1433,parallelogram,parallelogram,Yes
Geometry3K,C:\Users\ashut\Downloads\Geometry3K\train\1434,circle,circle,Yes
Geometry3K,C:\Users\ashut\Downloads\Geometry3K\train\1449,rectangle,rectangle,Yes
Geometry3K,C:\Users\ashut\Downloads\Geometry3K\train\1480,parallelogram,parallelogram,Yes
Geometry3K,C:\Users\ashut\Downloads\Geometry3K\train\1486,circle,circle,Yes
Geometry3K,C:\Users\ashut\Downloads\Geometry3K\train\1496,rectangle,rectangle,Yes
Geometry3K,C:\Users\ashut\Downloads\Geometry3K\train\1497,triangle,triangle,Yes
Geometry3K,C:\Users\ashut\Downloads\Geometry3K\train\1514,triangle,triangle,Yes
Geometry3K,C:\Users\ashut\Downloads\Geometry3K\train\1516,circle,circle,Yes
Geometry3K,C:\Users\ashut\Downloads\Geometry3K\train\1518,parallelogram,parallelogram,Yes
Geometry3K,C:\Users\ashut\Downloads\Geometry3K\train\1519,rectangle,rectangle,Yes
Geometry3K,C:\Users\ashut\Downloads\Geometry3K\train\1520,circle,circle,Yes
Geometry3K,C:\Users\ashut\Downloads\Geometry3K\train\1528,circle,circle,Yes
Geometry3K,C:\Users\ashut\Downloads\Geometry3K\train\1539,triangle,triangle,Yes
Geometry3K,C:\Users\ashut\Downloads\Geometry3K\train\1541,square,circle,No
Geometry3K,C:\Users\ashut\Downloads\Geometry3K\train\1545,parallelogram,parallelogram,Yes
Geometry3K,C:\Users\ashut\Downloads\Geometry3K\train\1552,parallelogram,parallelogram,Yes
Geometry3K,C:\Users\ashut\Downloads\Geometry3K\train\1554,circle,circle,Yes
Geometry3K,C:\Users\ashut\Downloads\Geometry3K\train\1568,circle,circle,Yes
Geometry3K,C:\Users\ashut\Downloads\Geometry3K\train\1572,circle,circle,Yes
Geometry3K,C:\Users\ashut\Downloads\Geometry3K\train\1574,parallelogram,parallelogram,Yes
Geometry3K,C:\Users\ashut\Downloads\Geometry3K\train\1579,circle,circle,Yes
Geometry3K,C:\Users\ashut\Downloads\Geometry3K\train\1582,circle,circle,Yes
Geometry3K,C:\Users\ashut\Downloads\Geometry3K\train\1593,parallelogram,parallelogram,Yes
Geometry3K,C:\Users\ashut\Downloads\Geometry3K\train\1608,parallelogram,parallelogram,Yes
Geometry3K,C:\Users\ashut\Downloads\Geometry3K\train\1610,triangle,triangle,Yes
Geometry3K,C:\Users\ashut\Downloads\Geometry3K\train\1613,parallelogram,rectangle,No
Geometry3K,C:\Users\ashut\Downloads\Geometry3K\train\1625,rectangle,rectangle,Yes
Geometry3K,C:\Users\ashut\Downloads\Geometry3K\train\1631,parallelogram,parallelogram,Yes
Geometry3K,C:\Users\ashut\Downloads\Geometry3K\train\1636,parallelogram,parallelogram,Yes
Geometry3K,C:\Users\ashut\Downloads\Geometry3K\train\1639,circle,circle,Yes
Geometry3K,C:\Users\ashut\Downloads\Geometry3K\train\1648,parallelogram,parallelogram,Yes
Geometry3K,C:\Users\ashut\Downloads\Geometry3K\train\1654,circle,circle,Yes
Geometry3K,C:\Users\ashut\Downloads\Geometry3K\train\1662,circle,circle,Yes
Geometry3K,C:\Users\ashut\Downloads\Geometry3K\train\1665,parallelogram,parallelogram,Yes
Geometry3K,C:\Users\ashut\Downloads\Geometry3K\train\1672,rectangle,rectangle,Yes
Geometry3K,C:\Users\ashut\Downloads\Geometry3K\train\1680,circle,circle,Yes
Geometry3K,C:\Users\ashut\Downloads\Geometry3K\train\1683,square,square,Yes
Geometry3K,C:\Users\ashut\Downloads\Geometry3K\train\169,triangle,triangle,Yes
Geometry3K,C:\Users\ashut\Downloads\Geometry3K\train\1695,parallelogram,parallelogram,Yes
Geometry3K,C:\Users\ashut\Downloads\Geometry3K\train\17,parallelogram,parallelogram,Yes
Geometry3K,C:\Users\ashut\Downloads\Geometry3K\train\1709,circle,circle,Yes
Geometry3K,C:\Users\ashut\Downloads\Geometry3K\train\1710,circle,circle,Yes
Geometry3K,C:\Users\ashut\Downloads\Geometry3K\train\1714,circle,circle,Yes
Geometry3K,C:\Users\ashut\Downloads\Geometry3K\train\1723,circle,circle,Yes
Geometry3K,C:\Users\ashut\Downloads\Geometry3K\train\1735,rectangle,rectangle,Yes
Geometry3K,C:\Users\ashut\Downloads\Geometry3K\train\176,circle,circle,Yes
Geometry3K,C:\Users\ashut\Downloads\Geometry3K\train\1773,triangle,circle,No
Geometry3K,C:\Users\ashut\Downloads\Geometry3K\train\1775,parallelogram,parallelogram,Yes
Geometry3K,C:\Users\ashut\Downloads\Geometry3K\train\1787,circle,circle,Yes
Geometry3K,C:\Users\ashut\Downloads\Geometry3K\train\1789,rectangle,rectangle,Yes
Geometry3K,C:\Users\ashut\Downloads\Geometry3K\train\1793,parallelogram,parallelogram,Yes
Geometry3K,C:\Users\ashut\Downloads\Geometry3K\train\18,parallelogram,rectangle,No
Geometry3K,C:\Users\ashut\Downloads\Geometry3K\train\180,parallelogram,parallelogram,Yes
Geometry3K,C:\Users\ashut\Downloads\Geometry3K\train\1801,parallelogram,parallelogram,Yes
Geometry3K,C:\Users\ashut\Downloads\Geometry3K\train\1812,circle,circle,Yes
Geometry3K,C:\Users\ashut\Downloads\Geometry3K\train\1832,parallelogram,parallelogram,Yes
Geometry3K,C:\Users\ashut\Downloads\Geometry3K\train\1841,circle,circle,Yes
Geometry3K,C:\Users\ashut\Downloads\Geometry3K\train\1846,parallelogram,triangle,No
Geometry3K,C:\Users\ashut\Downloads\Geometry3K\train\1847,circle,circle,Yes
Geometry3K,C:\Users\ashut\Downloads\Geometry3K\train\1851,rectangle,rectangle,Yes
Geometry3K,C:\Users\ashut\Downloads\Geometry3K\train\188,parallelogram,parallelogram,Yes
Geometry3K,C:\Users\ashut\Downloads\Geometry3K\train\1903,square,square,Yes
Geometry3K,C:\Users\ashut\Downloads\Geometry3K\train\1905,rectangle,rectangle,Yes
Geometry3K,C:\Users\ashut\Downloads\Geometry3K\train\1907,parallelogram,parallelogram,Yes
Geometry3K,C:\Users\ashut\Downloads\Geometry3K\train\1910,rectangle,rectangle,Yes
Geometry3K,C:\Users\ashut\Downloads\Geometry3K\train\1911,parallelogram,parallelogram,Yes
Geometry3K,C:\Users\ashut\Downloads\Geometry3K\train\1921,circle,circle,Yes
Geometry3K,C:\Users\ashut\Downloads\Geometry3K\train\1938,parallelogram,parallelogram,Yes
Geometry3K,C:\Users\ashut\Downloads\Geometry3K\train\1941,parallelogram,parallelogram,Yes
Geometry3K,C:\Users\ashut\Downloads\Geometry3K\train\1944,parallelogram,parallelogram,Yes
Geometry3K,C:\Users\ashut\Downloads\Geometry3K\train\1953,parallelogram,parallelogram,Yes
Geometry3K,C:\Users\ashut\Downloads\Geometry3K\train\1962,parallelogram,circle,No
Geometry3K,C:\Users\ashut\Downloads\Geometry3K\train\1963,square,circle,No
Geometry3K,C:\Users\ashut\Downloads\Geometry3K\train\1966,parallelogram,parallelogram,Yes
Geometry3K,C:\Users\ashut\Downloads\Geometry3K\train\1976,parallelogram,parallelogram,Yes
Geometry3K,C:\Users\ashut\Downloads\Geometry3K\train\1980,parallelogram,parallelogram,Yes
Geometry3K,C:\Users\ashut\Downloads\Geometry3K\train\1981,parallelogram,parallelogram,Yes
Geometry3K,C:\Users\ashut\Downloads\Geometry3K\train\1986,rectangle,rectangle,Yes
Geometry3K,C:\Users\ashut\Downloads\Geometry3K\train\1988,triangle,triangle,Yes
Geometry3K,C:\Users\ashut\Downloads\Geometry3K\train\1990,parallelogram,rectangle,No
Geometry3K,C:\Users\ashut\Downloads\Geometry3K\train\1995,circle,circle,Yes
Geometry3K,C:\Users\ashut\Downloads\Geometry3K\train\20,parallelogram,parallelogram,Yes
Geometry3K,C:\Users\ashut\Downloads\Geometry3K\train\2016,circle,circle,Yes
Geometry3K,C:\Users\ashut\Downloads\Geometry3K\train\2019,circle,circle,Yes
Geometry3K,C:\Users\ashut\Downloads\Geometry3K\train\2042,circle,circle,Yes
Geometry3K,C:\Users\ashut\Downloads\Geometry3K\train\2047,parallelogram,parallelogram,Yes
Geometry3K,C:\Users\ashut\Downloads\Geometry3K\train\2048,parallelogram,rectangle,No
Geometry3K,C:\Users\ashut\Downloads\Geometry3K\train\2072,triangle,triangle,Yes
Geometry3K,C:\Users\ashut\Downloads\Geometry3K\train\2079,circle,circle,Yes
Geometry3K,C:\Users\ashut\Downloads\Geometry3K\train\2093,parallelogram,parallelogram,Yes
Geometry3K,C:\Users\ashut\Downloads\Geometry3K\train\2094,parallelogram,rectangle,No
Geometry3K,C:\Users\ashut\Downloads\Geometry3K\train\2095,circle,circle,Yes
Geometry3K,C:\Users\ashut\Downloads\Geometry3K\train\222,triangle,triangle,Yes
Geometry3K,C:\Users\ashut\Downloads\Geometry3K\train\24,parallelogram,parallelogram,Yes
Geometry3K,C:\Users\ashut\Downloads\Geometry3K\train\241,triangle,triangle,Yes
Geometry3K,C:\Users\ashut\Downloads\Geometry3K\train\243,rectangle,rectangle,Yes
Geometry3K,C:\Users\ashut\Downloads\Geometry3K\train\247,circle,circle,Yes
Geometry3K,C:\Users\ashut\Downloads\Geometry3K\train\256,circle,circle,Yes
Geometry3K,C:\Users\ashut\Downloads\Geometry3K\train\27,circle,circle,Yes
Geometry3K,C:\Users\ashut\Downloads\Geometry3K\train\275,circle,circle,Yes
Geometry3K,C:\Users\ashut\Downloads\Geometry3K\train\286,circle,circle,Yes
Geometry3K,C:\Users\ashut\Downloads\Geometry3K\train\294,circle,circle,Yes
Geometry3K,C:\Users\ashut\Downloads\Geometry3K\train\300,circle,circle,Yes
Geometry3K,C:\Users\ashut\Downloads\Geometry3K\train\302,parallelogram,parallelogram,Yes
Geometry3K,C:\Users\ashut\Downloads\Geometry3K\train\308,circle,circle,Yes
Geometry3K,C:\Users\ashut\Downloads\Geometry3K\train\312,rectangle,rectangle,Yes
Geometry3K,C:\Users\ashut\Downloads\Geometry3K\train\318,parallelogram,parallelogram,Yes
Geometry3K,C:\Users\ashut\Downloads\Geometry3K\train\327,circle,circle,Yes
Geometry3K,C:\Users\ashut\Downloads\Geometry3K\train\352,rectangle,rectangle,Yes
Geometry3K,C:\Users\ashut\Downloads\Geometry3K\train\370,parallelogram,parallelogram,Yes
Geometry3K,C:\Users\ashut\Downloads\Geometry3K\train\388,triangle,triangle,Yes
Geometry3K,C:\Users\ashut\Downloads\Geometry3K\train\396,parallelogram,parallelogram,Yes
Geometry3K,C:\Users\ashut\Downloads\Geometry3K\train\399,circle,circle,Yes
Geometry3K,C:\Users\ashut\Downloads\Geometry3K\train\421,parallelogram,parallelogram,Yes
Geometry3K,C:\Users\ashut\Downloads\Geometry3K\train\422,parallelogram,rectangle,No
Geometry3K,C:\Users\ashut\Downloads\Geometry3K\train\424,rectangle,circle,No
Geometry3K,C:\Users\ashut\Downloads\Geometry3K\train\43,parallelogram,parallelogram,Yes
Geometry3K,C:\Users\ashut\Downloads\Geometry3K\train\449,parallelogram,rectangle,No
Geometry3K,C:\Users\ashut\Downloads\Geometry3K\train\454,circle,circle,Yes
Geometry3K,C:\Users\ashut\Downloads\Geometry3K\train\458,parallelogram,parallelogram,Yes
Geometry3K,C:\Users\ashut\Downloads\Geometry3K\train\465,parallelogram,parallelogram,Yes
Geometry3K,C:\Users\ashut\Downloads\Geometry3K\train\482,rectangle,rectangle,Yes
Geometry3K,C:\Users\ashut\Downloads\Geometry3K\train\483,parallelogram,parallelogram,Yes
Geometry3K,C:\Users\ashut\Downloads\Geometry3K\train\487,circle,circle,Yes
Geometry3K,C:\Users\ashut\Downloads\Geometry3K\train\49,parallelogram,parallelogram,Yes
Geometry3K,C:\Users\ashut\Downloads\Geometry3K\train\490,parallelogram,parallelogram,Yes
Geometry3K,C:\Users\ashut\Downloads\Geometry3K\train\496,parallelogram,parallelogram,Yes
Geometry3K,C:\Users\ashut\Downloads\Geometry3K\train\499,rectangle,rectangle,Yes
Geometry3K,C:\Users\ashut\Downloads\Geometry3K\train\503,triangle,triangle,Yes
Geometry3K,C:\Users\ashut\Downloads\Geometry3K\train\524,circle,circle,Yes
Geometry3K,C:\Users\ashut\Downloads\Geometry3K\train\525,parallelogram,rectangle,No
Geometry3K,C:\Users\ashut\Downloads\Geometry3K\train\535,triangle,triangle,Yes
Geometry3K,C:\Users\ashut\Downloads\Geometry3K\train\547,rectangle,circle,No
Geometry3K,C:\Users\ashut\Downloads\Geometry3K\train\550,circle,circle,Yes
Geometry3K,C:\Users\ashut\Downloads\Geometry3K\train\574,triangle,triangle,Yes
Geometry3K,C:\Users\ashut\Downloads\Geometry3K\train\579,square,circle,No
Geometry3K,C:\Users\ashut\Downloads\Geometry3K\train\582,rectangle,rectangle,Yes
Geometry3K,C:\Users\ashut\Downloads\Geometry3K\train\588,circle,circle,Yes
Geometry3K,C:\Users\ashut\Downloads\Geometry3K\train\595,circle,circle,Yes
Geometry3K,C:\Users\ashut\Downloads\Geometry3K\train\609,circle,circle,Yes
Geometry3K,C:\Users\ashut\Downloads\Geometry3K\train\610,parallelogram,parallelogram,Yes
Geometry3K,C:\Users\ashut\Downloads\Geometry3K\train\612,parallelogram,parallelogram,Yes
Geometry3K,C:\Users\ashut\Downloads\Geometry3K\train\62,circle,circle,Yes
Geometry3K,C:\Users\ashut\Downloads\Geometry3K\train\625,circle,circle,Yes
Geometry3K,C:\Users\ashut\Downloads\Geometry3K\train\631,circle,circle,Yes
Geometry3K,C:\Users\ashut\Downloads\Geometry3K\train\640,circle,circle,Yes
Geometry3K,C:\Users\ashut\Downloads\Geometry3K\train\646,parallelogram,rectangle,No
Geometry3K,C:\Users\ashut\Downloads\Geometry3K\train\655,parallelogram,parallelogram,Yes
Geometry3K,C:\Users\ashut\Downloads\Geometry3K\train\672,parallelogram,parallelogram,Yes
Geometry3K,C:\Users\ashut\Downloads\Geometry3K\train\676,triangle,triangle,Yes
Geometry3K,C:\Users\ashut\Downloads\Geometry3K\train\677,parallelogram,rectangle,No
Geometry3K,C:\Users\ashut\Downloads\Geometry3K\train\678,triangle,triangle,Yes
Geometry3K,C:\Users\ashut\Downloads\Geometry3K\train\681,parallelogram,parallelogram,Yes
Geometry3K,C:\Users\ashut\Downloads\Geometry3K\train\697,parallelogram,parallelogram,Yes
Geometry3K,C:\Users\ashut\Downloads\Geometry3K\train\701,parallelogram,parallelogram,Yes
Geometry3K,C:\Users\ashut\Downloads\Geometry3K\train\704,parallelogram,parallelogram,Yes
Geometry3K,C:\Users\ashut\Downloads\Geometry3K\train\73,triangle,triangle,Yes
Geometry3K,C:\Users\ashut\Downloads\Geometry3K\train\735,rectangle,rectangle,Yes
Geometry3K,C:\Users\ashut\Downloads\Geometry3K\train\738,rectangle,circle,No
Geometry3K,C:\Users\ashut\Downloads\Geometry3K\train\748,circle,circle,Yes
Geometry3K,C:\Users\ashut\Downloads\Geometry3K\train\757,circle,circle,Yes
Geometry3K,C:\Users\ashut\Downloads\Geometry3K\train\767,triangle,triangle,Yes
Geometry3K,C:\Users\ashut\Downloads\Geometry3K\train\77,parallelogram,parallelogram,Yes
Geometry3K,C:\Users\ashut\Downloads\Geometry3K\train\783,circle,circle,Yes
Geometry3K,C:\Users\ashut\Downloads\Geometry3K\train\788,circle,circle,Yes
Geometry3K,C:\Users\ashut\Downloads\Geometry3K\train\79,parallelogram,parallelogram,Yes
Geometry3K,C:\Users\ashut\Downloads\Geometry3K\train\795,circle,circle,Yes
Geometry3K,C:\Users\ashut\Downloads\Geometry3K\train\797,triangle,triangle,Yes
Geometry3K,C:\Users\ashut\Downloads\Geometry3K\train\8,circle,circle,Yes
Geometry3K,C:\Users\ashut\Downloads\Geometry3K\train\801,triangle,triangle,Yes
Geometry3K,C:\Users\ashut\Downloads\Geometry3K\train\802,rectangle,circle,No
Geometry3K,C:\Users\ashut\Downloads\Geometry3K\train\804,circle,circle,Yes
Geometry3K,C:\Users\ashut\Downloads\Geometry3K\train\808,parallelogram,parallelogram,Yes
Geometry3K,C:\Users\ashut\Downloads\Geometry3K\train\815,parallelogram,parallelogram,Yes
Geometry3K,C:\Users\ashut\Downloads\Geometry3K\train\821,parallelogram,parallelogram,Yes
Geometry3K,C:\Users\ashut\Downloads\Geometry3K\train\859,parallelogram,parallelogram,Yes
Geometry3K,C:\Users\ashut\Downloads\Geometry3K\train\87,rectangle,rectangle,Yes
Geometry3K,C:\Users\ashut\Downloads\Geometry3K\train\888,circle,circle,Yes
Geometry3K,C:\Users\ashut\Downloads\Geometry3K\train\897,circle,circle,Yes
Geometry3K,C:\Users\ashut\Downloads\Geometry3K\train\906,rectangle,rectangle,Yes
Geometry3K,C:\Users\ashut\Downloads\Geometry3K\train\912,square,square,Yes
Geometry3K,C:\Users\ashut\Downloads\Geometry3K\train\946,triangle,triangle,Yes
Geometry3K,C:\Users\ashut\Downloads\Geometry3K\train\958,circle,circle,Yes
Geometry3K,C:\Users\ashut\Downloads\Geometry3K\train\962,parallelogram,parallelogram,Yes
Geometry3K,C:\Users\ashut\Downloads\Geometry3K\train\964,parallelogram,parallelogram,Yes
Geometry3K,C:\Users\ashut\Downloads\Geometry3K\train\97,parallelogram,parallelogram,Yes
Geometry3K,C:\Users\ashut\Downloads\Geometry3K\train\970,parallelogram,parallelogram,Yes
Geometry3K,C:\Users\ashut\Downloads\Geometry3K\train\974,rectangle,rectangle,Yes
Geometry3K,C:\Users\ashut\Downloads\Geometry3K\train\985,parallelogram,parallelogram,Yes
Geometry3K,C:\Users\ashut\Downloads\Geometry3K\test\2412,rectangle,circle,No
Geometry3K,C:\Users\ashut\Downloads\Geometry3K\test\2415,parallelogram,parallelogram,Yes
Geometry3K,C:\Users\ashut\Downloads\Geometry3K\test\2458,circle,circle,Yes
Geometry3K,C:\Users\ashut\Downloads\Geometry3K\test\2459,rectangle,circle,No
Geometry3K,C:\Users\ashut\Downloads\Geometry3K\test\2474,parallelogram,parallelogram,Yes
Geometry3K,C:\Users\ashut\Downloads\Geometry3K\test\2476,parallelogram,parallelogram,Yes
Geometry3K,C:\Users\ashut\Downloads\Geometry3K\test\2490,parallelogram,parallelogram,Yes
Geometry3K,C:\Users\ashut\Downloads\Geometry3K\test\2493,circle,circle,Yes
Geometry3K,C:\Users\ashut\Downloads\Geometry3K\test\2497,circle,circle,Yes
Geometry3K,C:\Users\ashut\Downloads\Geometry3K\test\2501,triangle,triangle,Yes
Geometry3K,C:\Users\ashut\Downloads\Geometry3K\test\2506,parallelogram,rectangle,No
Geometry3K,C:\Users\ashut\Downloads\Geometry3K\test\2524,circle,circle,Yes
Geometry3K,C:\Users\ashut\Downloads\Geometry3K\test\2535,triangle,triangle,Yes
Geometry3K,C:\Users\ashut\Downloads\Geometry3K\test\2537,circle,circle,Yes
Geometry3K,C:\Users\ashut\Downloads\Geometry3K\test\2539,circle,circle,Yes
Geometry3K,C:\Users\ashut\Downloads\Geometry3K\test\2544,parallelogram,parallelogram,Yes
Geometry3K,C:\Users\ashut\Downloads\Geometry3K\test\2548,rectangle,rectangle,Yes
Geometry3K,C:\Users\ashut\Downloads\Geometry3K\test\2555,parallelogram,parallelogram,Yes
Geometry3K,C:\Users\ashut\Downloads\Geometry3K\test\2558,triangle,triangle,Yes
Geometry3K,C:\Users\ashut\Downloads\Geometry3K\test\2563,parallelogram,parallelogram,Yes
Geometry3K,C:\Users\ashut\Downloads\Geometry3K\test\2567,rectangle,rectangle,Yes
Geometry3K,C:\Users\ashut\Downloads\Geometry3K\test\2568,parallelogram,parallelogram,Yes
Geometry3K,C:\Users\ashut\Downloads\Geometry3K\test\2591,square,circle,No
Geometry3K,C:\Users\ashut\Downloads\Geometry3K\test\2609,circle,circle,Yes
Geometry3K,C:\Users\ashut\Downloads\Geometry3K\test\2617,triangle,triangle,Yes
Geometry3K,C:\Users\ashut\Downloads\Geometry3K\test\2619,rectangle,rectangle,Yes
Geometry3K,C:\Users\ashut\Downloads\Geometry3K\test\2625,rectangle,rectangle,Yes
Geometry3K,C:\Users\ashut\Downloads\Geometry3K\test\2628,circle,circle,Yes
Geometry3K,C:\Users\ashut\Downloads\Geometry3K\test\2645,triangle,triangle,Yes
Geometry3K,C:\Users\ashut\Downloads\Geometry3K\test\2653,rectangle,rectangle,Yes
Geometry3K,C:\Users\ashut\Downloads\Geometry3K\test\2667,parallelogram,parallelogram,Yes
Geometry3K,C:\Users\ashut\Downloads\Geometry3K\test\2670,rectangle,rectangle,Yes
Geometry3K,C:\Users\ashut\Downloads\Geometry3K\test\2673,circle,circle,Yes
Geometry3K,C:\Users\ashut\Downloads\Geometry3K\test\2674,circle,circle,Yes
Geometry3K,C:\Users\ashut\Downloads\Geometry3K\test\2685,parallelogram,parallelogram,Yes
Geometry3K,C:\Users\ashut\Downloads\Geometry3K\test\2688,parallelogram,circle,No
Geometry3K,C:\Users\ashut\Downloads\Geometry3K\test\2694,parallelogram,parallelogram,Yes
Geometry3K,C:\Users\ashut\Downloads\Geometry3K\test\2699,circle,circle,Yes
Geometry3K,C:\Users\ashut\Downloads\Geometry3K\test\2701,parallelogram,parallelogram,Yes
Geometry3K,C:\Users\ashut\Downloads\Geometry3K\test\2705,parallelogram,parallelogram,Yes
Geometry3K,C:\Users\ashut\Downloads\Geometry3K\test\2710,rectangle,rectangle,Yes
Geometry3K,C:\Users\ashut\Downloads\Geometry3K\test\2713,parallelogram,parallelogram,Yes
Geometry3K,C:\Users\ashut\Downloads\Geometry3K\test\2715,parallelogram,circle,No
Geometry3K,C:\Users\ashut\Downloads\Geometry3K\test\2720,rectangle,circle,No
Geometry3K,C:\Users\ashut\Downloads\Geometry3K\test\2728,circle,circle,Yes
Geometry3K,C:\Users\ashut\Downloads\Geometry3K\test\2729,parallelogram,parallelogram,Yes
Geometry3K,C:\Users\ashut\Downloads\Geometry3K\test\2736,circle,circle,Yes
Geometry3K,C:\Users\ashut\Downloads\Geometry3K\test\2740,circle,circle,Yes
Geometry3K,C:\Users\ashut\Downloads\Geometry3K\test\2745,parallelogram,parallelogram,Yes
Geometry3K,C:\Users\ashut\Downloads\Geometry3K\test\2769,parallelogram,parallelogram,Yes
Geometry3K,C:\Users\ashut\Downloads\Geometry3K\test\2775,parallelogram,parallelogram,Yes
Geometry3K,C:\Users\ashut\Downloads\Geometry3K\test\2776,rectangle,rectangle,Yes
Geometry3K,C:\Users\ashut\Downloads\Geometry3K\test\2789,circle,circle,Yes
Geometry3K,C:\Users\ashut\Downloads\Geometry3K\test\2793,parallelogram,parallelogram,Yes
Geometry3K,C:\Users\ashut\Downloads\Geometry3K\test\2801,parallelogram,parallelogram,Yes
Geometry3K,C:\Users\ashut\Downloads\Geometry3K\test\2805,circle,circle,Yes
Geometry3K,C:\Users\ashut\Downloads\Geometry3K\test\2810,rectangle,rectangle,Yes
Geometry3K,C:\Users\ashut\Downloads\Geometry3K\test\2823,circle,circle,Yes
Geometry3K,C:\Users\ashut\Downloads\Geometry3K\test\2825,circle,circle,Yes
Geometry3K,C:\Users\ashut\Downloads\Geometry3K\test\2826,rectangle,rectangle,Yes
Geometry3K,C:\Users\ashut\Downloads\Geometry3K\test\2833,triangle,triangle,Yes
Geometry3K,C:\Users\ashut\Downloads\Geometry3K\test\2837,parallelogram,triangle,No
Geometry3K,C:\Users\ashut\Downloads\Geometry3K\test\2842,parallelogram,parallelogram,Yes
Geometry3K,C:\Users\ashut\Downloads\Geometry3K\test\2850,rectangle,rectangle,Yes
Geometry3K,C:\Users\ashut\Downloads\Geometry3K\test\2854,triangle,triangle,Yes
Geometry3K,C:\Users\ashut\Downloads\Geometry3K\test\2856,circle,circle,Yes
Geometry3K,C:\Users\ashut\Downloads\Geometry3K\test\2865,parallelogram,parallelogram,Yes
Geometry3K,C:\Users\ashut\Downloads\Geometry3K\test\2880,circle,circle,Yes
Geometry3K,C:\Users\ashut\Downloads\Geometry3K\test\2887,circle,circle,Yes
Geometry3K,C:\Users\ashut\Downloads\Geometry3K\test\2891,circle,circle,Yes
Geometry3K,C:\Users\ashut\Downloads\Geometry3K\test\2892,triangle,triangle,Yes
Geometry3K,C:\Users\ashut\Downloads\Geometry3K\test\2896,parallelogram,parallelogram,Yes
Geometry3K,C:\Users\ashut\Downloads\Geometry3K\test\2897,parallelogram,square,No
Geometry3K,C:\Users\ashut\Downloads\Geometry3K\test\2906,rectangle,rectangle,Yes
Geometry3K,C:\Users\ashut\Downloads\Geometry3K\test\2915,circle,circle,Yes
Geometry3K,C:\Users\ashut\Downloads\Geometry3K\test\2931,parallelogram,parallelogram,Yes
Geometry3K,C:\Users\ashut\Downloads\Geometry3K\test\2940,circle,circle,Yes
Geometry3K,C:\Users\ashut\Downloads\Geometry3K\test\2943,parallelogram,parallelogram,Yes
Geometry3K,C:\Users\ashut\Downloads\Geometry3K\test\2944,rectangle,rectangle,Yes
Geometry3K,C:\Users\ashut\Downloads\Geometry3K\test\2966,parallelogram,parallelogram,Yes
Geometry3K,C:\Users\ashut\Downloads\Geometry3K\test\2971,parallelogram,parallelogram,Yes
Geometry3K,C:\Users\ashut\Downloads\Geometry3K\test\2978,circle,circle,Yes
Geometry3K,C:\Users\ashut\Downloads\Geometry3K\test\2983,rectangle,rectangle,Yes
Geometry3K,C:\Users\ashut\Downloads\Geometry3K\test\2993,circle,circle,Yes
Geometry3K,C:\Users\ashut\Downloads\Geometry3K\test\2996,parallelogram,parallelogram,Yes
Geometry3K,C:\Users\ashut\Downloads\Geometry3K\val\2117,circle,circle,Yes
Geometry3K,C:\Users\ashut\Downloads\Geometry3K\val\2120,triangle,triangle,Yes
Geometry3K,C:\Users\ashut\Downloads\Geometry3K\val\2124,parallelogram,parallelogram,Yes
Geometry3K,C:\Users\ashut\Downloads\Geometry3K\val\2132,circle,circle,Yes
Geometry3K,C:\Users\ashut\Downloads\Geometry3K\val\2142,circle,circle,Yes
Geometry3K,C:\Users\ashut\Downloads\Geometry3K\val\2160,circle,circle,Yes
Geometry3K,C:\Users\ashut\Downloads\Geometry3K\val\2162,parallelogram,parallelogram,Yes
Geometry3K,C:\Users\ashut\Downloads\Geometry3K\val\2170,circle,circle,Yes
Geometry3K,C:\Users\ashut\Downloads\Geometry3K\val\2183,rectangle,rectangle,Yes
Geometry3K,C:\Users\ashut\Downloads\Geometry3K\val\2187,rectangle,rectangle,Yes
Geometry3K,C:\Users\ashut\Downloads\Geometry3K\val\2199,parallelogram,parallelogram,Yes
Geometry3K,C:\Users\ashut\Downloads\Geometry3K\val\2203,circle,circle,Yes
Geometry3K,C:\Users\ashut\Downloads\Geometry3K\val\2204,circle,circle,Yes
Geometry3K,C:\Users\ashut\Downloads\Geometry3K\val\2215,circle,circle,Yes
Geometry3K,C:\Users\ashut\Downloads\Geometry3K\val\2221,parallelogram,parallelogram,Yes
Geometry3K,C:\Users\ashut\Downloads\Geometry3K\val\2224,triangle,triangle,Yes
Geometry3K,C:\Users\ashut\Downloads\Geometry3K\val\2225,circle,circle,Yes
Geometry3K,C:\Users\ashut\Downloads\Geometry3K\val\2239,circle,circle,Yes
Geometry3K,C:\Users\ashut\Downloads\Geometry3K\val\2244,parallelogram,rectangle,No
Geometry3K,C:\Users\ashut\Downloads\Geometry3K\val\2258,circle,circle,Yes
Geometry3K,C:\Users\ashut\Downloads\Geometry3K\val\2262,circle,circle,Yes
Geometry3K,C:\Users\ashut\Downloads\Geometry3K\val\2272,parallelogram,parallelogram,Yes
Geometry3K,C:\Users\ashut\Downloads\Geometry3K\val\2277,circle,circle,Yes
Geometry3K,C:\Users\ashut\Downloads\Geometry3K\val\2278,circle,circle,Yes
Geometry3K,C:\Users\ashut\Downloads\Geometry3K\val\2281,triangle,triangle,Yes
Geometry3K,C:\Users\ashut\Downloads\Geometry3K\val\2294,circle,circle,Yes
Geometry3K,C:\Users\ashut\Downloads\Geometry3K\val\2304,rectangle,rectangle,Yes
Geometry3K,C:\Users\ashut\Downloads\Geometry3K\val\2317,circle,circle,Yes
Geometry3K,C:\Users\ashut\Downloads\Geometry3K\val\2322,circle,circle,Yes
Geometry3K,C:\Users\ashut\Downloads\Geometry3K\val\2330,circle,circle,Yes
Geometry3K,C:\Users\ashut\Downloads\Geometry3K\val\2333,triangle,triangle,Yes
Geometry3K,C:\Users\ashut\Downloads\Geometry3K\val\2342,rectangle,circle,No
Geometry3K,C:\Users\ashut\Downloads\Geometry3K\val\2350,parallelogram,parallelogram,Yes
Geometry3K,C:\Users\ashut\Downloads\Geometry3K\val\2351,circle,circle,Yes
Geometry3K,C:\Users\ashut\Downloads\Geometry3K\val\2360,circle,circle,Yes
Geometry3K,C:\Users\ashut\Downloads\Geometry3K\val\2367,rectangle,rectangle,Yes
Geometry3K,C:\Users\ashut\Downloads\Geometry3K\val\2370,square,square,Yes
Geometry3K,C:\Users\ashut\Downloads\Geometry3K\val\2378,parallelogram,parallelogram,Yes
Geometry3K,C:\Users\ashut\Downloads\Geometry3K\val\2394,parallelogram,parallelogram,Yes
